Produto,,Unidade,18,19,20,21,22,23,Total,Média,Saldo,Projeç.,
19,DIAMOX 250MG COMP-ACETAZOLAMIDA,COMP C/250MG,2,2,1,-1,0,0,4,"0,667",36,,"53,997"
38,ACICLOVIR 200MG COMP EUROFARMA,COMP C/200MG,9,4,6,7,10,8,44,"7,333",676,,"92,182"
41,UNI VIR 250MG FR/AMP EV-ACICLOVIR,FA C/250MG,0,9,0,0,0,0,9,"1,5",339,,226
47,SOMALGIN CARDIO 100MG COMP REV-ACIDO ACETILSALICILICO,COMP C/100MG,3,3,0,1,1,0,8,"1,333",1681,,"1260,782"
59,AAS 100MG COMP-ACIDO ACETILSALICILICO,COMP C/100MG,52,20,24,29,41,28,193,"32,167",675,,"20,984"
82,ENDOFOLIN 5MG COMP REV-ACIDO FOLICO,COMP C/5MG,2,5,2,3,3,1,16,"2,667",300,,"112,499"
95,MYFORTIC 360MG COMP REV-MICOFENOLATO SODIO,COMP C/360MG,0,3,2,2,0,0,7,"1,167",131,,"112,283"
112,TRANSAMIN 50MG/ML-5ML AMP EV-ACIDO TRANEXAMICO,AMP C/250MG,-1,2,5,1,10,4,21,"3,5",104,,"29,714"
116,URSACOL 300MG COMP-ACIDO URSODESOXICOLICO,COMP C/300MG,3,7,5,2,3,0,20,"3,333",98,,"29,4"
144,AGUA DESTILADA 10ML AMP ISOFARMA,AMP C/10ML,222,378,180,351,259,158,1548,258,5973,,"23,151"
156,ALBENDAZOL 40MG/ML-10ML FR ORAL PRATI,FRASC C/10ML,0,1,1,0,0,0,2,"0,333",31,,"93,009"
187,ALFAST 544MCG/ML-5ML AMP EV-ALFENTANILA,AMP C/2720MCG,-4,20,-9,10,-3,18,32,"5,333",153,,"28,688"
196,ZYLORIC 100MG COMP-ALOPURINOL,COMP C/100MG,1,1,1,3,2,2,10,"1,667",34,,"20,4"
198,ZYLORIC 300MG COMP-ALOPURINOL,COMP C/300MG,4,5,3,4,2,0,18,3,126,,42
203,"FRONTAL 0,5MG COMP-ALPRAZOLAM","COMP C/0,5MG",14,12,10,20,13,11,80,"13,333",553,,"41,475"
245,AMYTRIL 25MG COMP REV-AMITRIPTILINA,COMP C/25MG,4,4,7,6,8,3,31,"5,167",31,,6
253,"AMOXICILINA/CLAVULANATO POT 250/62,5MG/5ML-75ML FR SUSP EMS",FRASC C/75ML,1,1,1,1,0,1,5,"0,833",4,,"4,8"
267,AMOXICILINA 500MG CAPS EUROFARMA,CAPS C/500MG,0,4,14,11,4,10,43,"7,167",0,,0
307,ANLODIPINO 5MG COMP MEDLEY,COMP C/5MG,20,29,28,21,7,16,121,"20,167",584,,"28,959"
330,ATORVASTATINA 10MG COMP REV EMS,COMP C/10MG,1,0,0,0,0,0,1,"0,167",87,,"521,896"
332,ATORVASTATINA 20MG COMP REV EMS,COMP C/20MG,13,9,12,16,10,2,62,"10,333",13,,"1,258"
346,ATROPINA 10MG/ML-5ML FR OFTAL-ATROPINA,FRASC C/5ML,1,1,0,0,2,0,4,"0,667",53,,"79,496"
351,IMURAN 50MG COMP-AZATIOPRINA,COMP C/50MG,0,0,0,0,2,0,2,"0,333",106,,"318,032"
354,AZITROMICINA 500MG COMP REV EUROFARMA,COMP C/500MG,3,1,2,1,0,0,7,"1,167",336,,"287,992"
357,AZITROMICINA 600MG(200MG/5ML-15ML)FR PO SUSP EUROFARMA,FRASC C/15ML,0,0,0,0,1,0,1,"0,167",4,,"23,995"
361,AZUL METILENO 20MG/ML(2%)-5ML AMP EV(MANIPULADO),AMP C/100MG,0,0,0,2,2,3,7,"1,167",21,,"17,999"
363,AZUL PATENTE 25MG/ML-2ML FR/AMP EV/SC/IA-MANIP,FA C/50MG,1,0,0,0,0,0,1,"0,167",15,,"89,982"
365,BACLOFENO 10MG COMP UNIAO QUIMICA,COMP C/10MG,2,2,2,2,2,1,11,"1,833",241,,"131,457"
409,PRONTOSAN 350ML FR TOP-BETAINA,FRASC C/350ML,4,1,3,3,2,4,17,"2,833",15,,"5,294"
415,LABIRIN 8MG COMP-BETAISTINA,COMP C/8MG,14,7,2,6,14,11,54,9,102,,"11,333"
422,DUOFLAM 5/2MG-1ML AMP IM (BETAMETASONA DIP/FOSF DIS),AMPOLA,20,14,28,15,28,16,121,"20,167",546,,"27,074"
462,"BICARBONATO SODIO 84MG/ML(8,4%)-250ML FR EV FRESENIUS",FRASC C/250ML,-4,1,1,12,17,1,28,"4,667",139,,"29,786"
Produto,,Unidade,18,19,20,21,22,23,Total,Média,Saldo,Projeç.,
479,DULCOLAX 5MG DRG-BISACODIL,DRAGEA,1,4,2,3,3,2,15,"2,5",167,,"66,8"
488,"BISOPROLOL 2,5MG COMP EMS","COMP C/2,5MG",2,5,3,7,11,10,38,"6,333",228,,36
505,LEXOTAN 3MG COMP-BROMAZEPAM,COMP C/3MG,1,1,0,0,0,0,2,"0,333",58,,"174,017"
534,"PULMICORT 0,5MG/ML-2ML FR INAL-BUDESONIDA",FRASC C/2ML,15,13,19,15,24,13,99,"16,5",350,,"21,212"
558,"NEOCAINA PESADA 0,5%-4ML AMP-BUPIVACAINA/GLICOSE",AMPOLA,-3,24,-10,17,4,-2,30,5,320,,64
564,"NEOCAINA 0,5%-20ML FR/AMP EV-BUPIVACAINA",FA C/100MG,0,0,1,0,2,0,3,"0,5",30,,60
630,TEGRETOL 200MG COMP-CARBAMAZEPINA,COMP C/200MG,7,6,6,6,8,4,37,"6,167",421,,"68,27"
653,CARBOLITIUM 300MG COMP-CARBONATO LITIO ,COMP C/300MG,2,0,4,11,2,5,24,4,92,,23
703,KEFADIM 1.000MG FR/AMP EV/IM-CEFTAZIDIMA,FA C/1000MG,0,0,2,3,2,0,7,"1,167",22,,"18,857"
707,ROCEFIN 1.000MG FR/AMP IM-CEFTRIAXONA,FA C/1000MG,0,0,2,2,0,0,4,"0,667",37,,"55,497"
708,CEFTRIAXONA 1.000MG FR/AMP EV ABL,FA C/1000MG,26,17,24,26,20,26,139,"23,167",1900,,"82,014"
712,ZINNAT 50MG/ML-70ML PO FR (CEFUROXIMA),FRASC C/70ML,0,0,0,2,-1,0,1,"0,167",16,,"95,981"
715,ZINNAT 500MG COMP REV (CEFUROXIMA),COMP C/500MG,0,0,3,2,2,1,8,"1,333",32,,"24,001"
716,KEROXIME 750MG FR/AMP EV/IM-CEFUROXIMA,FA C/750MG,0,0,5,2,4,6,17,"2,833",263,,"92,825"
785,MIOSAN 5MG COMP-CICLOBENZAPRINA,COMP C/5MG,19,17,13,40,-5,4,88,"14,667",1146,,"78,136"
808,CEBRALAT 100MG COMP-CILOSTAZOL,COMP C/100MG,4,5,6,5,4,4,28,"4,667",298,,"63,857"
824,LIPLESS 100MG COMP-CIPROFIBRATO,COMP C/100MG,1,1,2,3,2,0,9,"1,5",131,,"87,333"
874,KLARICID 50MG/ML-60ML FR SUSP-CLARITROMICINA,FRASC C/60ML,0,1,1,0,0,0,2,"0,333",13,,"39,004"
892,"CLOPAM 0,5 MG COMP(CLONAZEPAM)","COMP C/0,5MG",1,1,1,7,2,2,14,"2,333",273,,"117,002"
899,ATENSINA 100MCG COMP-CLONIDINA,COMP C/100MCG,5,5,3,9,9,3,34,"5,667",401,,"70,764"
900,CLONIDIN 150MCG/ML-1ML AMP-CLONIDINA,AMP C/150MCG,-7,15,-5,3,-8,5,3,"0,5",202,,404
907,CLOPIDOGREL 75MG COMP REV EMS,COMP C/75MG,21,7,8,15,16,7,74,"12,333",957,,"77,595"
919,CLORETO POTASSIO 100MG/ML(10%)-10ML AMP OCTOG EV ISOFARMA,AMP C/10ML,4,6,9,9,13,20,60,10,725,,"72,5"
921,"CLORETO POTASSIO 191MG/ML(19,1%)-10ML AMP EV ISOFARMA",AMP C/10ML,5,8,9,6,55,20,103,"17,167",894,,"52,078"
923,SLOW K 600MG DRG-CLORETO POTASSIO,DRAGEA,14,9,5,5,4,1,38,"6,333",510,,"80,527"
924,IONCLOR 60MG/ML(6%)-100ML FR XPE-CLORETO POTASSIO,FRASC C/100ML,1,0,0,0,0,0,1,"0,167","57,2",,"343,131"
932,CLORETO SODIO/GLICOSE 500ML SF PVC EV BAXTER,FRASC C/500ML,2,3,1,22,3,2,33,"5,5",35,,"6,364"
939,"CLORETO SODIO 0,9%-1.000ML PVC EV BAXTER",FRASC C/1000ML,31,26,32,37,48,23,197,"32,833","2129,972",,"64,872"
941,"CLORETO SODIO 0,9%-100ML PVC EV BAXTER",FRASC C/100ML,152,173,157,237,179,110,1007,"167,833",8777,,"52,296"
945,"CLORETO SODIO 0,9%-250ML PVC EV BAXTER",FRASC C/250ML,32,26,35,34,44,22,193,"32,167",971,,"30,186"
947,"CLORETO SODIO 0,9%-500ML PVC EV BAXTER",FRASC C/500ML,31,65,36,63,82,26,303,"50,5",1456,,"28,832"
951,CLORETO SODIO 200MG/ML(20%)-10ML AMP EV ISOFARMA,AMP C/10ML,27,33,36,42,49,39,224,"37,333",1004,,"26,893"
Produto,,Unidade,18,19,20,21,22,23,Total,Média,Saldo,Projeç.,
1022,CODEIN 30MG COMP-CODEINA,COMP C/30MG,15,19,13,14,1,3,65,"10,833",340,,"31,385"
1036,"KOLLAGENASE 0,6UI/G-30G BG POM TOP-COLAGENASE",BISN C/30G,2,0,0,1,4,1,8,"1,333",123,,"92,252"
1039,"COLCHIS 0,5MG COMP-COLCHICINA BASE","COMP C/0,5MG",1,3,2,3,6,3,18,3,99,,33
1054,HYPLEX B 2ML AMP IM/EV-POLIVITAMINICO(COMPLEXO B),AMPOLA,0,0,1,0,0,0,1,"0,167",58,,"347,93"
1102,"DESLANOL 0,2MG/ML-2ML AMP IM/EV-DESLANOSIDEO","AMP C/0,4MG",1,0,0,0,0,0,1,"0,167",52,,"311,938"
1107,DESALEX 5MG COMP REV-DESLORATADINA,COMP C/5MG,3,7,4,2,5,3,24,4,72,,18
1127,DEXAMETASONA ACETATO 1MG/G-10G BG CREM TOP EMS,BISN C/10G,0,0,0,0,1,0,1,"0,167",2,,"11,998"
1151,DEXAMETASONA 4MG COMP EMS,COMP C/4MG,1,0,0,1,1,0,3,"0,5",108,,216
1168,BEPANTOL 50MG/G-30G BG POM TOP-DEXPANTENOL,BISN C/30G,4,7,6,8,2,2,29,"4,833",180,,"37,242"
1172,LACRIMA PLUS 1/3MG/ML-15ML FR OFTAL-DEXTRANO/HIPROMELOSE,FRASC C/15ML,1,0,1,2,3,0,7,"1,167",36,,"30,856"
1175,KETAMIN 50MG/ML-2ML FR/AMP IM/EV-ESCETAMINA,FA C/100MG,27,39,5,67,89,43,270,45,349,,"7,756"
1182,UNI-DIAZEPAX 5MG/ML-2ML AMP EV-DIAZEPAM,AMP C/10MG,4,1,2,1,3,-1,10,"1,667",37,,"22,2"
1184,COMPAZ 5MG COMP-DIAZEPAM,COMP C/5MG,3,8,9,9,14,5,48,8,3059,,"382,375"
1206,DICLOFENACO SODIO 25MG/ML-3ML AMP IM UNIAO QUIMICA,AMP C/75MG,3,0,1,0,4,3,11,"1,833",17,,"9,273"
1221,DIFENIDRIN 50MG/ML-1ML AMP IM/EV-DIFENIDRAMINA,AMP C/50MG,0,5,6,9,1,2,23,"3,833",244,,"63,653"
1258,PERIVASC 450/50MG COMP REV-DIOSMINA/HESPERIDINA,COMPRIMIDO,4,6,2,9,4,0,25,"4,167",213,,"51,12"
1287,DEPAKOTE 250MG COMP REV-DIVALPROATO SODIO,COMP C/250MG,4,12,4,8,8,4,40,"6,667",98,,"14,7"
1303,DOPACRIS 5MG/ML-10ML AMP EV-DOPAMINA,AMP C/50MG,0,0,0,5,10,0,15,"2,5",153,,"61,2"
1318,"NILPERIDOL 2,5/0,0785MG/ML-2ML AMP IM/EV-DROPERID/FENTANILA",AMPOLA,-5,19,-12,6,-8,11,11,"1,833",275,,"150,003"
1336,UNIFEDRINE 50MG/ML-1ML AMP EV/IM-EFEDRINA,AMP C/50MG,-7,20,-5,7,8,4,27,"4,5",221,,"49,111"
1344,RENITEC 20MG COMP-ENALAPRIL,COMP C/20MG,0,0,0,1,3,0,4,"0,667",99,,"148,493"
1346,RENITEC 5MG COMP-ENALAPRIL,COMP C/5MG,9,9,6,7,5,1,37,"6,167","97,6",,"15,827"
1358,"CLEXANE 60MG/0,6ML SER SC-ENOXAPARINA",SERINGA PREENCHIDA,0,0,0,0,1,4,5,"0,833",1,,"1,2"
1371,HYFREN 1MG/ML-1ML AMP EV-EPINEFRINA,AMP C/1MG,29,22,31,25,33,37,177,"29,5",973,,"32,983"
1385,INVANZ 1.000MG FR/AMP IM/EV-ERTAPENEM,FA C/1000MG,6,3,4,3,3,2,21,"3,5",56,,16
1390,LEXAPRO 10MG COMP REV-ESCITALOPRAM,COMP C/10MG,15,23,21,17,22,6,102,17,213,,"12,529"
1400,BUSCOPAN 10MG DRG-ESCOPOLAMINA,DRAGEA,4,8,14,14,7,6,53,"8,833",204,,"23,094"
1423,ESPIRONOLACTONA 25MG COMP EMS,COMP C/25MG,12,1,0,0,0,0,13,"2,167",53,,"24,461"
1457,ETOMIDATO 2MG/ML-10ML AMP EV CRISTALIA,AMP C/20MG,-5,19,-10,10,-8,11,17,"2,833",147,,"51,883"
1500,GARDENAL 100MG COMP-FENOBARBITAL,COMP C/100MG,2,2,2,2,2,1,11,"1,833",160,,"87,274"
Produto,,Unidade,18,19,20,21,22,23,Total,Média,Saldo,Projeç.,
1523,FENTANEST 50MCG/ML-10ML AMP EV/IM-FENTANILA,AMP C/500MCG,5,15,33,80,56,15,204,34,508,,"14,941"
1524,FENTANEST 50MCG/ML-2ML AMP EV/IM-FENTANILA,AMP C/100MCG,5,42,7,36,12,47,149,"24,833",719,,"28,953"
1550,FEXOFENADINA 120MG COMP REV EMS,COMP C/120MG,4,12,8,3,4,2,33,"5,5",366,,"66,545"
1556,ALLEGRA 6MG/ML-150ML FR SUSP-FEXOFENADINA,FRASC C/150ML,0,0,1,0,1,0,2,"0,333","40,567",,"121,712"
1563,HAEMOCOMPLETTAN 1.000MG FR/AMP EV-FIBRINOGENIO(GELAD),FA C/1000MG,0,0,0,0,2,0,2,"0,333",19,,"57,006"
1594,"FLUMAZIL 0,1MG/ML-5ML AMP EV-FLUMAZENIL","AMP C/0,5MG",-3,19,-11,6,-8,11,14,"2,333",237,,"101,573"
1626,SERETIDE 25/125MCG-120DOSES FR AER-FLUTICASONA/SALMETEROL,FRASC C/120DS,0,0,0,2,1,0,3,"0,5",13,,26
1668,CLINDAMICINA 150MG/ML-4ML AMP EV UNIAO QUIMICA,AMP C/600MG,3,13,4,3,3,2,28,"4,667",357,,"76,499"
1673,PHOSFOENEMA 160/60MG-130ML FR RETAL-FOSF SODIO MONO/DIBASICO,FRASCO,5,5,0,4,2,0,16,"2,667",51,,"19,125"
1744,GENTAMICIN 80MG-2ML AMP EV/IM-GENTAMICINA,AMP C/80MG,1,0,0,0,1,4,6,1,21,,21
1777,"GLICINA 1,5%-3000ML BOLSA SF BAXTER ",BOLSA C/3000ML,0,0,1,0,0,0,1,"0,167",5,,"29,994"
1782,DIAMICRON MR 30MG COMP LIB CONT-GLICLAZIDA,COMPRIMIDO,4,4,1,3,4,0,16,"2,667",117,,"43,874"
1784,GLUCONATO CALCIO 100MG/ML(10%)-10ML AMP EV ISOFARMA,AMP C/10ML,22,15,15,77,101,89,319,"53,167",2043,,"38,426"
1791,GLICOSE 500MG/ML(50%)-10ML AMP EV ISOFARMA,AMP C/10ML,7,10,17,40,10,44,128,"21,333",1484,,"69,563"
1793,GLICOSE 5%-1.000ML SF PVC EV BAXTER,FRASC C/1000ML,4,0,2,2,1,1,10,"1,667",124,,"74,399"
1796,GLICOSE 5%-250ML SF PVC EV BAXTER,FRASC C/250ML,1,0,1,-1,0,0,1,"0,167",188,,"1127,774"
1798,GLICOSE 5%-500ML SF PVC EV BAXTER,FRASC C/500ML,0,0,1,0,0,0,1,"0,167",74,,"443,911"
1814,"ZOLADEX 10,8MG SER SC-GOSSERRELINA",SERINGA PREENCHIDA,0,0,1,0,0,0,1,"0,167",0,,0
1846,TRIANCIL 20 MG/ML-1ML FR/AMP ART(TRIANCINOLONA),FA C/20MG,1,0,1,0,0,0,2,"0,333",49,,"147,015"
1855,NEPRESOL 20MG/ML-1ML AMP EV-HIDRALAZINA,AMP C/20MG,1,0,0,0,0,0,1,"0,167",71,,"425,915"
1857,APRESOLINA 25MG DRG-HIDRALAZINA,DRAGEA,36,83,110,83,47,21,380,"63,333",833,,"13,153"
1873,HIDROCLOROTIAZIDA 25MG COMP EMS,COMP C/25MG,4,8,5,9,4,8,34,"5,667",151,,"26,647"
1889,CORTISONAL 100MG FR/AMP IM/EV-HIDROCORTISONA,FA C/100MG,24,33,35,32,21,7,152,"25,333",309,,"12,197"
1891,CORTISONAL 500MG FR/AMP IM/EV-HIDROCORTISONA,FA C/500MG,1,5,1,3,10,4,24,4,110,,"27,5"
1915,HIXIZINE 25MG COMP-HIDROXIZINA  ,COMP C/25MG,3,2,4,11,7,1,28,"4,667",79,,"16,928"
1927,IBUPROFENO 100MG/ML-20ML FR GTS MEDLEY,FRASC C/20ML,0,0,5,0,4,0,9,"1,5","28,69",,"19,127"
1940,IBUPROFENO 600MG COMP PRATI,COMP C/600MG,0,0,3,3,5,4,15,"2,5",252,,"100,8"
1970,"NATRILIX SR 1,5MG COMP REV-INDAPAMIDA","COMP C/1,5MG",1,2,1,0,2,2,8,"1,333",68,,"51,001"
2007,HENETIX 300MG/ML-100ML FR/AMP EV-IOBITRIDOL,FA C/100ML,1,0,6,7,4,4,22,"3,667",166,,"45,272"
2064,ISOSSORBIDA MONONITRATO 20MG COMP BIOSINTETICA,COMP C/20MG,1,2,4,4,2,1,14,"2,333",279,,"119,573"
Produto,,Unidade,18,19,20,21,22,23,Total,Média,Saldo,Projeç.,
2077,PROCORALAN 5MG COMP REV-IVABRADINA,COMP C/5MG,2,1,2,1,3,1,10,"1,667",153,,"91,798"
2099,NEURAL 50 MG COMP(LAMOTRIGINA),COMP C/50MG,15,11,5,7,7,4,49,"8,167",1952,,"239,019"
2129,PROLOPA 100/25MG COMP DISP-LEVODOPA/BENSERAZIDA,COMPRIMIDO,6,6,4,9,8,6,39,"6,5",7,,"1,077"
2144,LEVOTAC 5MG/ML-100ML BOLSA SF EV LEVOFLOXACINO,BOLSA C/500MG,2,2,2,2,2,2,12,2,33,,"16,5"
2153,MIRENA 52MG VAG ENDOCEPTIVO DIU-LEVONORGESTREL,UNIDADE,0,0,0,0,1,1,2,"0,333",8,,"24,002"
2161,PURAN T4 88MCG COMP-LEVOTIROXINA,COMP C/88MCG,0,0,0,0,2,0,2,"0,333",58,,"174,017"
2183,XYLESTESIN C/VASO 2%-20ML FR/AMP EV-LIDOCAINA/EPINEFRINA,FRASC C/20ML,-9,22,-8,18,-1,8,30,5,345,,69
2191,XYLESTESIN 1%-20ML FR/AMP EV-LIDOCAINA,FA C/20ML,-7,17,-4,11,7,6,30,5,369,,"73,8"
2193,XYLESTESIN 2%-10G SER PREEN ESTERIL TOP-LIDOCAINA,SERINGA PREENCHIDA,8,0,29,7,5,28,77,"12,833",338,,"26,338"
2196,XYLESTESIN 2%-20ML FR/AMP EV-LIDOCAINA,FA C/20ML,5,31,18,49,40,24,167,"27,833",865,,"31,078"
2206,TRAYENTA 5MG COMP REV-LINAGLIPTINA,COMP C/5MG,5,3,3,4,1,3,19,"3,167",51,,"16,105"
2242,LORAZEPAM 2MG COMP EMS,COMP C/2MG,0,0,0,6,4,2,12,2,135,,"67,5"
2255,MUVINLAX 14G SACHE-MACROG/BIC SODIO/CLOR POT/CLOR SODIO,SACHE,59,46,33,25,11,14,188,"31,333",1324,,"42,255"
2276,DUSPATALIN 200MG CAPS GEL-MEBEVERINA,CAPS C/200MG,3,1,0,0,0,0,4,"0,667",64,,"95,995"
2297,MERONEM 1.000MG FR/AMP EV-MEROPENEM,FA C/1000MG,48,28,8,13,7,12,116,"19,333",584,,"30,207"
2298,MEROPENEM 1.000MG FR/AMP EV ABL,FA C/1000MG,-1,19,35,48,44,11,156,26,158,,"6,077"
2317,MYTEDOM 10MG/ML-1ML AMP IM-METADONA,AMP C/10MG,1,0,3,2,0,2,8,"1,333",113,,"84,752"
2319,MYTEDON 10MG COMP-METADONA,COMP C/10MG,3,2,6,5,1,2,19,"3,167",45,,"14,21"
2322,ARAMIN 10MG/ML-1ML AMP IM/EV-METARAMINOL,AMP C/10MG,-6,19,-7,12,7,5,30,5,223,,"44,6"
2327,GLIFAGE XR 500MG COMP LIB PROL-METFORMINA,COMP C/500MG,3,1,0,"1,008",0,0,"5,008","0,835","229,792",,"275,299"
2329,GLIFAGE 500MG COMP REV-METFORMINA,COMPRIMIDO,8,7,4,5,6,2,32,"5,333",144,,27
2363,NOPROSIL 5MG/ML-2ML AMP IM/EV-METOCLOPRAMIDA,AMP C/10MG,9,5,11,13,17,6,61,"10,167",787,,"77,41"
2369,SELOZOK 50MG COMP LIB CONT-METOPROLOL SUCC,COMP C/50MG,32,33,26,28,23,1,143,"23,833",183,,"7,678"
2399,MYCAMINE 100MG FR/AMP EV-MICAFUNGINA,FA C/100MG,3,1,2,2,4,5,17,"2,833",118,,"41,648"
2403,CELLCEPT 500MG COMP REV-MICOFENOLATO MOFETILA,COMP C/500MG,0,0,0,0,4,2,6,1,160,,160
2420,DORMIRE 5MG/ML-3ML AMP IM/EV-MIDAZOLAM,AMP C/15MG,9,21,3,20,14,32,99,"16,5",469,,"28,424"
2426,REMERON SOLTAB 15MG COMP ORODISP-MIRTAZAPINA,COMP C/15MG,14,14,14,14,13,11,80,"13,333",101,,"7,575"
2431,PROSTOKOS 200MCG COMP VAG-MISOPROSTOL,COMP C/200MCG,0,0,12,0,0,0,12,2,21,,"10,5"
2455,SINGULAIR 10MG COMP-MONTELUCASTE,COMP C/10MG,1,1,3,6,3,2,16,"2,667",117,,"43,874"
2460,"DIMORF 0,2MG/ML-1ML AMP IM/EV-MORFINA","AMP C/0,2MG",-2,19,-11,8,-8,15,21,"3,5",173,,"49,429"
Produto,,Unidade,18,19,20,21,22,23,Total,Média,Saldo,Projeç.,
2463,DIMORF 10MG/ML-1ML AMP IM/EV-MORFINA,AMP C/10MG,15,36,14,54,30,37,186,31,"618,9",,"19,965"
2490,NUBAIN 10MG/ML-1ML AMP IM/EV-NALBUFINA,AMP C/10MG,-1,1,4,13,-4,2,15,"2,5",201,,"80,4"
2527,NIQUITIN 21MG ADES TRASND TOP-NICOTINA,UNIDADE,2,2,4,1,0,1,10,"1,667",7,,"4,2"
2566,NISTATINA 25.000UI/G-60G BG CREM VAG PRATI,BISN C/60G,1,0,0,0,0,0,1,"0,167",133,,"797,84"
2583,MACRODANTINA 100MG CAPS GEL-NITROFURANTOINA,CAPS C/100MG,1,1,1,1,2,0,6,1,30,,30
2594,NITROPRUS 50MG FR/AMP EV-NITROPRUSSETO,FA C/50MG,2,2,2,0,3,0,9,"1,5",158,,"105,333"
2605,PAMELOR 25MG CAPS GEL-NORTRIPTILINA,CAPS C/25MG,4,2,0,2,2,1,11,"1,833",251,,"136,912"
2662,OMEPRAZOL 40MG FR/AMP EV CRISTALIA,FA C/40MG,1,5,1,0,4,3,14,"2,333",202,,"86,573"
2689,TRILEPTAL 300MG COMP REV-OXCARBAZEPINA,COMP C/300MG,0,0,0,0,4,0,4,"0,667",85,,"127,494"
2694,TRILEPTAL 60MG/ML-100ML FR-OXCARBAZEPINA,FRASC C/100ML,1,0,0,0,0,0,1,"0,167","2,45",,"14,697"
2706,"ATURGYL 0,5MG/ML-15ML FR INAL-OXIMETAZOLINA",FRASC C/15ML,0,0,2,-1,2,1,4,"0,667",37,,"55,497"
2754,HYPOVERIN 50MG/ML-2ML FR/AMP IM/EV-PAPAVERINA,FA C/100MG,0,0,0,0,3,0,3,"0,5",182,,364
2759,TYLEX 500/30MG COMP-PARACETAMOL/CODEINA,COMPRIMIDO,0,5,1,4,11,3,24,4,251,,"62,75"
2768,"TYLEX 500/7,5MG COMP-PARACETAMOL/CODEINA",COMPRIMIDO,0,0,0,0,0,3,3,"0,5",8,,16
2777,PARACETAMOL 200MG/ML-15ML FR GTS EMS,FRASC C/15ML,0,0,1,0,0,0,1,"0,167",12,,"71,986"
2782,PARACETAMOL 750MG COMP EMS,COMP C/750MG,4,5,5,13,17,0,44,"7,333",233,,"31,773"
2854,PIPERACILINA/TAZOBACTAM 4G/500MG FR/AMP EV EUROFARMA,FRASCO/AMPOLA,43,38,15,38,0,12,146,"24,333",207,,"8,507"
2897,PROCTYL 50/10MG/G-30G BG POM RET-POLICRESULENO/CINCHOCAIN,BISN C/30GR,1,0,2,0,1,0,4,"0,667",33,,"49,498"
2926,CERNE-12 5ML FR/AMP-POLIVITAMINICO,FRASCO/AMPOLA,2,2,2,5,1,1,13,"2,167",98,,"45,23"
2988,PAMERGAN 25MG/ML-2ML AMP IM-PROMETAZINA,AMP C/50MG,0,8,8,7,7,3,33,"5,5",210,,"38,182"
2993,RITMONORM 300MG COMP REV-PROPAFENONA,COMP C/300MG,8,9,10,5,5,2,39,"6,5",151,,"23,231"
2997,SUSTRATE 10MG COMP-PROPATILNITRATO,COMP C/10MG,5,5,4,5,0,0,19,"3,167",136,,"42,947"
3103,VIVERDAL 1MG COMP REV-RISPERIDONA,COMP C/1MG,1,1,3,5,6,4,20,"3,333",125,,"37,5"
3119,"EXELON 27MG/15CM2(13,3MG/24H) ADES TRANSD-RIVASTIGMINA",UNIDADE,1,1,1,1,0,0,4,"0,667",13,,"19,499"
3167,REPOFLOR 100MG CAPS GEL-SACCHAROMYCES BOULARDII,CAPS C/100MG,13,12,14,21,11,5,76,"12,667",124,,"9,789"
3169,FLORATIL PEDIATRICO 200MG/G-1G ENV-SACCHAROMYCES BOULARDII,ENV C/200MG,5,8,7,9,5,5,39,"6,5",361,,"55,538"
3184,AEROLIN 100MCG/DOSE-200DOSES FR AER ORAL-SALBUTAMOL,FRASC C/200DS,16,16,32,35,26,9,134,"22,333","689,995",,"30,895"
3204,NATURETTI CAPS GEL-SENNE/CASSIA/TAMARINDUS/ASSOCIACOES,CAPSULA,3,3,4,3,4,1,18,3,61,,"20,333"
3210,SERTRALINA 50MG COMP REV EMS,COMP C/50MG,0,0,1,0,0,0,1,"0,167",30,,"179,964"
Produto,,Unidade,18,19,20,21,22,23,Total,Média,Saldo,Projeç.,
3238,SIMETICONA 75MG/ML-15ML FR GTS EMS,FRASC C/15ML,0,1,3,0,1,1,6,1,"199,097",,"199,097"
3248,JANUVIA 50MG COMP-SITAGLIPTINA,COMP C/50MG,1,1,0,0,0,0,2,"0,333",44,,"132,013"
3271,"MINILAX 6,5G BG RETAL-SORBITOL/LAURILSULFATO","BISN C/6,5G",0,0,2,1,0,0,3,"0,5",27,,54
3281,SUCRAFILM 200MG/ML-10ML FLAC-SUCRALFATO,FLACONETE,22,18,36,25,34,12,147,"24,5",755,,"30,816"
3285,FASTFEN 5MCG/ML-2ML AMP EV-SUFENTANILA,AMP C/10MCG,1,19,-7,8,-1,12,32,"5,333",532,,"99,751"
3300,BACTRIM 400/80MG COMP-SULFAMETOXAZOL/TRIMETOPRIMA,COMPRIMIDO,1,1,0,0,1,0,3,"0,5",119,,238
3308,BAC SULFITRIN 80/16 MG/ML-5ML AMP EV (SULFAMETOXAZOL/TRIMETO,AMPOLA,12,17,6,12,6,3,56,"9,333",80,,"8,571"
3309,BACTRIM F 800/160MG COMP-SULFAMETOXAZOL/TRIMETOPRIMA,COMPRIMIDO,2,2,2,2,2,1,11,"1,833",115,,"62,728"
3329,SULFATO MAGNESIO 10%-10ML AMP EV ISOFARMA,AMP C/10ML,7,8,4,12,19,4,54,9,207,,23
3331,SULFATO MAGNESIO 50%-10ML AMP EV ISOFARMA,AMP C/10ML,0,0,0,4,8,0,12,2,381,,"190,5"
3349,"SUMAX 6MG-0,5ML SER SC-SUMATRIPTANA",SERINGA PREENCHIDA,2,2,3,3,4,1,15,"2,5",40,,16
3352,SUMAX 50MG COMP-SUMATRIPTANA,COMP C/50MG,2,2,2,2,3,5,16,"2,667",111,,"41,624"
3360,PROGRAF 1MG CAPS GEL-TACROLIMO,CAPS C/1MG,0,5,3,2,0,0,10,"1,667",206,,"123,598"
3393,TENOXICAM 20MG FR/AMP IM/EV CRISTALIA,FA C/20MG,125,151,186,155,258,123,998,"166,333",4640,,"27,896"
3424,BENERVA 300MG COMP REV-TIAMINA(VIT B1),COMPRIMIDO,0,1,1,3,3,5,13,"2,167",22,,"10,154"
3433,BRILINTA 90MG COMP REV-TICAGRELOR,COMP C/90MG,4,4,8,11,9,3,39,"6,5","344,656",,"53,024"
3462,"SPIRIVA RESPIMAT 2,5MCG/DOSE-4ML FR-TIOTROPIO",FRASC C/60DS,0,3,1,1,0,1,6,1,14,,14
3488,TOPIRAMATO 25MG COMP REV EMS,COMP C/25MG,12,12,12,15,9,5,65,"10,833",332,,"30,646"
3500,TRAMADON 50MG/ML-2ML AMP EV-TRAMADOL,AMP C/100MG,29,47,36,52,41,43,248,"41,333",1704,,"41,226"
3502,TRAMADON 50MG CAPS GEL DURA-TRAMADOL,CAPS C/50MG,3,4,1,2,2,0,12,2,172,,86
3509,DONAREN RETARD 150MG COMP LIB PROL-TRAZODONA,COMP C/150MG,1,1,2,1,2,2,9,"1,5",111,,74
3511,DONAREN 50MG COMP REV-TRAZODONA,COMP C/50MG,11,9,12,13,15,9,69,"11,5",243,,"21,13"
3532,VASTAREL MR 35MG COMP LIB PROL-TRIMETAZIDINA,COMP C/35MG,0,0,0,0,4,1,5,"0,833",49,,"58,802"
3542,TORAGESIC 30MG/ML-1ML AMP IM/EV-TROMETAMINA CETOROLACO,AMP C/30MG,3,0,2,1,3,1,10,"1,667",256,,"153,597"
3602,DIOVAN 320MG COMP REV-VALSARTANA,COMP C/320MG,4,6,7,1,9,1,28,"4,667",144,,"30,857"
3605,DIOVAN 80MG COMP REV-VALSARTANA,COMP C/80MG,0,2,1,1,2,2,8,"1,333",490,,"367,509"
3606,VANCOMICINA 500MG FR/AMP EV ABL,FA C/500MG,14,17,18,20,12,16,97,"16,167",501,,"30,99"
3636,EFEXOR XR 75MG CAPS GEL LIB PROL-VENLAFAXINA,CAPS C/75MG,3,8,5,5,6,0,27,"4,5",64,,"14,222"
3644,DILACORON 80MG COMP REV-VERAPAMIL,COMP C/80MG,0,0,0,0,0,1,1,"0,167",291,,"1745,651"
3654,GALVUS 50MG COMP-VILDAGLIPTINA,COMP C/50MG,0,3,1,1,1,1,7,"1,167",144,,"123,425"
Produto,,Unidade,18,19,20,21,22,23,Total,Média,Saldo,Projeç.,
3670,CITONEURIN 100MG/100MG/5.000MCG DRG-VIT B1/B6/B12,DRAGEA,1,1,1,1,1,1,6,1,116,,116
3677,DRAMIN B6 DL 3/5/100/100MG/ML-10ML AMP EV-DIM/PIR/GLI/FRU,AMPOLA,26,9,15,33,20,19,122,"20,333",519,,"25,525"
3685,ACIDO ASCORBICO(VIT C) 100MG/ML-5ML AMP IM/IV(MANIPULADO),AMP C/500MG,1,0,0,0,0,0,1,"0,167",519,,"3113,377"
3696,OSCAL D 500MG/400UI COMP REV-VIT D3/CARBONATO CALCIO,COMPRIMIDO,3,2,7,4,2,2,20,"3,333",276,,"82,801"
3721,STILNOX 10MG COMP REV-ZOLPIDEM,COMP C/10MG,1,1,1,1,1,-1,4,"0,667",88,,"131,993"
3822,ESPONJA LIMPEZA DUPLA FACE VERDE/AMARELO 110X75X23MM UND,UNIDADE,0,0,3,0,0,0,3,"0,5",195,,390
3887,PANO REUTILIZAVEL ULTRA ABSORVENTE 35X28CM C/100 UND,UNIDADE,0,0,10900,0,10300,0,21200,"3533,333",2795,,"0,791"
3933,SABONETE LIQUIDO GLICERINADO NEUTRO BEBE 200ML UND,UNIDADE,0,0,15,0,14,0,29,"4,833",155,,"32,069"
4011,SUPLEMENTO ALIMENTAR DIASIP BAUNILHA 200ML FR,FRASC C/200ML,2,4,0,0,0,0,6,1,0,,0
4035,DIETA ENTERAL PEPTAMEN 1.5 1.000ML BOLSA,FRASC C/1000ML,0,0,0,0,1,1,2,"0,333",20,,"60,006"
4040,SUPLEMENTO ALIMENTAR FORTINI PLUS BAUNILHA 400G LATA,LATA C/400G,1,0,1,0,0,0,2,"0,333",35,,"105,011"
4055,MODULO ALIMENTAR RESOURCE FIBER MAIS 5G SACHE,UNIDADE,1,5,3,11,5,4,29,"4,833",141,,"29,173"
4057,FORMULA LACTEA NEOCATE LCP 400G LATA,LATA C/400G,0,2,0,1,1,1,5,"0,833",19,,"22,801"
4059,SUPLEMENTO ALIMENTAR IMPACT TORTA LIMAO 200ML TETRA,FRASC C/200ML,1,6,0,2,0,1,10,"1,667",86,,"51,599"
4066,SUPLEMENTO ALIMENTAR IMPACT PESSEGO 200ML TETRA SLIN,FRASC C/200ML,0,1,2,1,0,0,4,"0,667",12,,"17,999"
4086,DIETA ENTERAL SURVIMED OPD 500ML BOLSA,FRASC C/500ML,0,1,0,2,0,2,5,"0,833",96,,"115,205"
4098,DIETA ENTERAL FRESUBIN HP ENERGY 1.000ML BOLSA SF,BOLSA C/1000ML,6,5,4,4,2,5,26,"4,333",8,,"1,846"
4099,DIETA ENTERAL FRESUBIN HP ENERGY 500ML BOLSA,BOLSA C/500ML,0,1,1,1,3,4,10,"1,667",60,,"35,999"
4116,SUPLEMENTO ALIMENTAR DIASIP MORANGO 200ML FR,FRASC C/200ML,5,7,4,11,3,2,32,"5,333",297,,"55,688"
4134,DIETA ENTERAL FRESUBIN ORIGINAL 500ML BOLSA,BOLSA C/500ML,2,3,3,3,2,1,14,"2,333",14,,6
4169,SUPLEMENTO ALIMENTAR FORTINI S/SABOR 400G LATA,LATA C/400G,2,0,0,2,0,1,5,"0,833",28,,"33,601"
4174,"ESPESSANTE RESOURCE THICKEN-UP CLEAR 1,2G SACHE",UNIDADE,104,74,4,86,32,36,336,56,752,,"13,429"
4175,FORMULA LACTEA NEOCATE NEO ADVANCE S/ SABOR 400G LATA,LATA C/400G,0,2,0,1,1,1,5,"0,833",4,,"4,8"
4626,HBR-PULSEIRA IDENTIFICACAO ADULTO AZUL ROLO C/500 UND,UNIDADE,0,0,0,0,0,4,4,"0,667",39,,"58,497"
Produto,,Unidade,18,19,20,21,22,23,Total,Média,Saldo,Projeç.,
4669,CAIXA ARQUIVO PAPELAO KRAFT 250X140X350MM UND,UNIDADE,0,0,0,0,0,5,5,"0,833",27,,"32,401"
4698,CAPA ENCADERNACAO PLASTICO PRETA 210X297MM UND,UNIDADE,0,0,10,0,0,0,10,"1,667",190,,"113,998"
4731,CLIPS GALVANIZADO N2 CX C/100 UND,UNIDADE,0,0,0,0,0,1,1,"0,167",63,,"377,924"
4733,CLIPS GALVANIZADO N6 CX C/50 UND,UNIDADE,0,0,0,0,0,2,2,"0,333",91,,"273,027"
4752,ELASTICO LATEX  FINO AMARELO N18 25G UND,UNIDADE,0,0,0,0,0,3,3,"0,5",210,,420
4779,SACO PLASTICO PP C/4 FUROS A4 UND,UNIDADE,0,0,0,0,200,0,200,"33,333",1834,,"55,02"
4785,ESPIRAL PVC ENCADERNACAO PRETO 17MM UND,UNIDADE,0,0,20,0,0,0,20,"3,333",76,,"22,8"
4813,ETIQUETA ADES COUCHE S/IMPR AZUL ESCUR 102X51MM RL C/665 UND,UNIDADE,0,0,0,0,0,10,10,"1,667",331,,"198,596"
4814,ETIQUETA ADES COUCHE S/IMPR BRANCA 102X5MM RL C/665 UND,UNIDADE,0,0,25,0,0,133,158,"26,333",84,,"3,19"
4815,ETIQUETA ADES COUCHE S/IMPR BRANCA 33X22MM RL C/7500 UND,UNIDADE,0,0,0,0,36,0,36,6,73,,"12,167"
4876,FITA ADESIVA LARGA TRANSPARENTE RL 45MMX50M UND,UNIDADE,0,0,0,0,2,0,2,"0,333",31,,"93,009"
4915,GRAMPO GRAMPEADOR ACO GALVANIZADO 26/6 5000 UND,UNIDADE,0,0,5,0,0,0,5,"0,833",104,,"124,805"
4927,LAPIS REDONDO PRETO S/BORRACHA UND,UNIDADE,0,0,0,0,0,2,2,"0,333",22,,"66,007"
4943,MARCADOR QUADRO BRANCO PONTA REDONDA AZUL UND,UNIDADE,0,0,2,0,6,0,8,"1,333",161,,"120,753"
4944,MARCADOR QUADRO BRANCO PONTA REDONDA PRETA UND,UNIDADE,0,0,18,0,0,0,18,3,297,,99
4945,MARCADOR QUADRO BRANCO PONTA REDONDA VERMELHO UND,UNIDADE,0,0,0,0,3,0,3,"0,5",58,,116
4967,PAPEL SULFITE ALCALINO BRANCO A4 75G 210X297MM PCT 500 FLS,UNIDADE,0,0,104,0,70,68,242,"40,333",1132,,"28,066"
5009,"PILHA ALCALINA AAA 1,5V PALITO UND",UNIDADE,0,0,0,0,8,0,8,"1,333",172,,"129,003"
5022,PULSEIRA IDENTIF TYVEK UNISSEX AMARELO UND,UNIDADE,0,0,1000,0,0,0,1000,"166,667",6800,,"40,8"
5027,PULSEIRA IDENTIF TYVEK UNISSEX VERDE UND,UNIDADE,0,0,1000,0,0,0,1000,"166,667",4060,,"24,36"
5042,RIBBON CERA PRETO 110MMX75M UND-G42,UNIDADE,0,0,0,0,0,6,6,1,0,,0
5052,"TESOURA ESCRITORIO CABO PRETO C/PONTA 27,5CM UND",UNIDADE,0,0,0,0,0,2,2,"0,333",20,,"60,006"
7474,FIO SUTURA NAO ABSORVIVEL ACIFLEX 2-0 3X60CM S/AGU-BSS28,UNIDADE,2,0,0,0,0,0,2,"0,333",11,,"33,003"
7476,FIO SUTURA NAO ABSORVIVEL ACIFLEX 5 4X45CM C/1 AGU-M653G,UNIDADE,0,0,0,0,2,0,2,"0,333",49,,"147,015"
7478,FIO SUTURA NAO ABSORVIVEL ACIFLEX 1 3X60CM S/AGU-BSS25T,UNIDADE,0,0,0,0,1,0,1,"0,167",33,,"197,96"
Produto,,Unidade,18,19,20,21,22,23,Total,Média,Saldo,Projeç.,
7548,FIO SUTURA NAO ABSORV ETHIBOND EXCEL 2-0 75CM C/2 AGU-BR763T,UNIDADE,0,0,0,2,9,0,11,"1,833",38,,"20,728"
7551,FIO SUTURA NAO ABSORV ETHIBOND EXCEL 2-0 75CM C/2 AGU-BP93T,UNIDADE,5,0,0,1,10,1,17,"2,833",35,,"12,353"
7557,FIO SUTURA NAO ABSORV ETHIBOND EXCEL 5 4X75CM C/1 AGU-MB46G,UNIDADE,10,0,0,2,0,1,13,"2,167",23,,"10,615"
7560,FIO ELETRODO MARCAPASSO 2-0 60CM C/2 AGU-TPW10,UNIDADE,0,0,0,0,4,0,4,"0,667",12,,"17,999"
7577,FIO SUTURA ABSORVIVEL MONOCRYL 3-0 70CM C/1 AGU-Y427H,UNIDADE,11,0,2,4,9,4,30,5,95,,19
7581,FIO SUTURA ABSORVIVEL MONOCRYL 4-0 70CM C/1 AGU-Y426H,UNIDADE,10,4,13,11,28,22,88,"14,667",228,,"15,545"
7582,FIO SUTURA ABSORVIVEL MONOCRYL 5-0 45CM C/1 AGU-Y844G,UNIDADE,1,0,4,-3,2,1,5,"0,833",38,,"45,602"
7593,FIO SUTURA NAO ABSORV MONONYLON 6-0 45CM C/1 AGU-14500T,UNIDADE,0,0,0,0,1,0,1,"0,167",21,,"125,975"
7606,FIO SUTURA NAO ABSORVIVEL MONONYLON 2-0 45CM C/1 AGU-1174T,UNIDADE,4,0,8,3,18,2,35,"5,833",188,,"32,229"
7612,FIO SUTURA NAO ABSORV MONONYLON 3-0 45CM C/1 AGU-1163T,UNIDADE,6,3,4,8,3,0,24,4,245,,"61,25"
7613,FIO SUTURA NAO ABSORV MONONYLON 3-0 45CM C/1 AGU-1171T,UNIDADE,11,2,15,9,25,13,75,"12,5",466,,"37,28"
7615,FIO SUTURA NAO ABSORV MONONYLON 3-0 45CM C/1 AGU-14503T,UNIDADE,0,1,0,0,0,0,1,"0,167",49,,"293,941"
7619,FIO SUTURA NAO ABSORV MONONYLON 4-0 45CM C/1 AGU-1111T,UNIDADE,3,0,2,1,0,0,6,1,93,,93
7623,FIO SUTURA NAO ABSORV MONONYLON 4-0 45CM C/1 AGU-14502T,UNIDADE,2,2,27,-3,12,11,51,"8,5",314,,"36,941"
7629,FIO SUTURA NAO ABSORV MONONYLON 5-0 45CM C/1 AGU-1166T,UNIDADE,4,0,3,0,4,3,14,"2,333",129,,"55,287"
7634,FIO SUTURA ABSORVIVEL PDS II 5-0 70CM C/1 AGU-Z303H,UNIDADE,0,0,0,0,2,0,2,"0,333",34,,"102,01"
7638,FIO SUTURA ABSORVIVEL PDS II 7-0 75CM C/2 AGU-Z135H,UNIDADE,1,0,2,0,0,0,3,"0,5",29,,58
7639,FIO SUTURA ABSORVIVEL PDS II 0 70CM C/1 AGU-Z352H,UNIDADE,0,0,0,1,0,0,1,"0,167",0,,0
7640,FIO SUTURA ABSORVIVEL PDS II 1 244CM C/1 AGU LACAD-Z880G,UNIDADE,0,0,1,0,0,0,1,"0,167",8,,"47,99"
7644,FIO SUTURA ABSORVIVEL PDS II 3-0 70CM C/1 AGU-Z316H,UNIDADE,0,0,15,3,0,4,22,"3,667",87,,"23,727"
7674,FIO SUTURA NAO ABSORVIVEL PROLENE 7-0 75CM C/2 AGU-M8703T,UNIDADE,0,0,0,0,10,0,10,"1,667",59,,"35,399"
7675,FIO SUTURA NAO ABSORVIVEL PROLENE 0 75CM C/1 AGU-8424T,UNIDADE,4,0,0,0,0,0,4,"0,667",62,,"92,995"
7682,FIO SUTURA NAO ABSORVIVEL PROLENE 2-0 75CM C/2 AGU-9523T,UNIDADE,9,0,0,0,0,0,9,"1,5",97,,"64,667"
Produto,,Unidade,18,19,20,21,22,23,Total,Média,Saldo,Projeç.,
7684,FIO SUTURA NAO ABSORVIVEL PROLENE 3-0 75CM C/1 AGU-8832T,UNIDADE,0,0,0,0,0,3,3,"0,5",37,,74
7685,FIO SUTURA NAO ABSORVIVEL PROLENE 3-0 75CM C/2 AGU-9522T,UNIDADE,0,0,2,0,0,0,2,"0,333",79,,"237,024"
7690,FIO SUTURA NAO ABSORVIVEL PROLENE 5-0 75CM C/2 AGU-9556T,UNIDADE,0,0,0,0,10,0,10,"1,667",59,,"35,399"
7692,FIO SUTURA NAO ABSORVIVEL PROLENE 6-0 75CM C/2 AGU-M8706T,UNIDADE,0,0,0,0,10,0,10,"1,667",55,,"32,999"
7697,FIO SUTURA NAO ABSORVIVEL PROLENE 0 75CM C/1 AGU-8434T,UNIDADE,0,0,0,0,1,0,1,"0,167",35,,"209,958"
7699,FIO SUTURA NAO ABSORVIVEL PROLENE 3-0 75CM C/2 AGU-8722T,UNIDADE,2,0,0,0,5,0,7,"1,167",58,,"49,713"
7700,FIO SUTURA NAO ABSORVIVEL PROLENE 4-0 75CM C/2 AGU-9521T,UNIDADE,0,0,0,0,10,0,10,"1,667",102,,"61,199"
7707,FIO SUTURA NAO ABSORVIVEL SEDA 0 70CM C/1 AGU-G814T,UNIDADE,2,0,0,0,14,2,18,3,21,,7
7709,FIO SUTURA NAO ABSORV SEDA SUTUPAK 2-0 15X45CM S/AGU-SSP14T,UNIDADE,2,0,4,-2,5,0,9,"1,5",91,,"60,667"
7713,FIO SUTURA NAO ABSORVIVEL SEDA 2-0 70CM C/1 AGU-G813T,UNIDADE,0,0,0,0,0,2,2,"0,333",46,,"138,014"
7714,FIO SUTURA NAO ABSORVIVEL SEDA 3-0 15X45CM S/AGU-SSP13T,UNIDADE,2,0,0,0,5,0,7,"1,167",98,,"83,998"
7722,FIO SUTURA NAO ABS VALVEKIT CARDIO 2-0 8X75 C/2 AGU-AKV15G,UNIDADE,0,0,0,0,1,0,1,"0,167",30,,"179,964"
7723,FIO SUTURA N/ABSORVIVEL VALVEKIT 2-0 75CM 2AGU 17MM-KAT17G,UNIDADE,0,0,0,0,1,0,1,"0,167",4,,"23,995"
7745,FIO SUTURA ABSORVIVEL VICRYL 2-0 70CM C/1 AGU-J317H,UNIDADE,4,0,0,3,0,0,7,"1,167",144,,"123,425"
7753,FIO SUTURA ABSORVIVEL VICRYL 3-0 45CM C/1 AGU-JP683G,UNIDADE,0,0,8,-2,3,1,10,"1,667",14,,"8,4"
7755,FIO SUTURA ABSORVIVEL VICRYL 3-0 70CM C/1 AGU-J316H,UNIDADE,0,0,11,0,1,4,16,"2,667",297,,"111,374"
7762,FIO SUTURA ABSORVIVEL VICRYL 4-0 45CM C/1 AGU-JP496G,UNIDADE,0,0,2,0,0,2,4,"0,667",107,,"160,492"
7763,FIO SUTURA ABSORVIVEL VICRYL 4-0 70CM C/1 AGU-J304H,UNIDADE,1,0,7,-3,0,5,10,"1,667",129,,"77,398"
7903,ABAIXADOR LINGUA ESTERIL MADEIRA INDIVIDUAL THEOTO-35212,UNIDADE,0,0,1000,0,1000,0,2000,"333,333",7800,,"23,4"
7906,ABSORVENTE HIGIENICO S/ABA UNISSEX GERIATRICO MARDAM,UNIDADE,1,1,0,3,14,1,20,"3,333",476,,"142,801"
7917,"AGULHA ANEST TUOHY PERICAN 17GX3 1/4POL 1,5X80MM-4512588",UNIDADE,-4,17,-4,13,-4,6,24,4,53,,"13,25"
7923,"AGULHA ANEST RAQUI WHITACRE 27GX3 1/2POL 0,42X88MM-408394",UNIDADE,-1,12,-3,17,6,4,35,"5,833",179,,"30,686"
7925,"AGULHA ANEST RAQUI QUINCKE 22GX3 1/2POL 0,70X88MM-408377",UNIDADE,4,2,14,4,5,2,31,"5,167",229,,"44,322"
7954,"AGULHA HIPODERMICA PRECISIONGLIDE 18GA 1,2X40MM-300017",UNIDADE,2,0,0,0,8,2,12,2,1403,,"701,5"
Produto,,Unidade,18,19,20,21,22,23,Total,Média,Saldo,Projeç.,
7964,"AGULHA ANEST PLEXO STIMUPLEX 22GX2POL 0,7X50MM-4894502",UNIDADE,1,0,4,2,1,7,15,"2,5",107,,"42,8"
7969,ALCOOL ETILICO RIO QUIMICA 70%-1L FR,UNIDADE,0,0,7,0,6,0,13,"2,167",0,,0
7970,ALGODAO HIDROFILO BOLA CREMER 95G-202212,UNIDADE,0,0,0,0,7,0,7,"1,167",583,,"499,7"
7978,ASPIRADOR CIRURGICO UTERINO AMIU PLUS 2VALV 60ML-101112,UNIDADE,0,0,1,0,0,0,1,"0,167",3,,"17,996"
7982,"ATADURA ALGODAO ORTOPEDICA CREMER 15CMX1,80M-156850",UNIDADE,11,30,19,6,8,15,89,"14,833",538,,"36,27"
7984,"ATADURA ALGODAO ORTOPEDICA CREMER 20CMX1,80M-156867",UNIDADE,2,6,11,1,18,20,58,"9,667",435,,45
7986,"ATADURA ALGODAO ORTOPEDICA CREMER 10CMX1,80M-156836",UNIDADE,12,0,6,4,10,6,38,"6,333",911,,"143,843"
7994,ATADURA GESSADA CREMER 10CMX3M-216080,UNIDADE,7,5,2,0,5,4,23,"3,833",206,,"53,74"
7995,ATADURA GESSADA CREMER 15CMX3M-214352,UNIDADE,0,2,15,9,5,8,39,"6,5",279,,"42,923"
7996,ATADURA GESSADA CREMER 20CMX4M-216097,UNIDADE,2,10,4,5,4,11,28,"4,667",129,,"27,643"
8005,AVENTAL SMS DESCART ESTERIL MANGA/PUNHO AZUL 40GR G-A4SMSG,UNIDADE,0,0,0,3,1,1,5,"0,833",15,,"18,001"
8033,(BC)BOLSA COLOSTOMIA TRANSP RECORTAVEL ADULTO 19-64MM-22771,UNIDADE,2,2,1,2,0,1,8,"1,333",231,,"173,254"
8073,CAMPO CIRURGICO ADESIVO INCISIONAL IOBAN 66X45CM-6650,UNIDADE,2,0,1,1,3,1,8,"1,333",38,,"28,501"
8226,CATETER EPIDURAL NYLON FECHADO SMITHS 16G 915MM-100382116,UNIDADE,0,0,2,0,0,0,2,"0,333",204,,"612,061"
8293,"CATETER NASAL OXIG OCULOS AD 1,4M-266108",UNIDADE,0,1,1,0,1,0,3,"0,5",384,,768
8373,CATETER VENOSO CENTRAL CERTOFIX BBRAUN 16G 20CM 1LUM-4160266,UNIDADE,1,0,1,1,-1,0,2,"0,333",38,,"114,011"
8376,"CATETER VENOSO CENTRAL INTRACATH 16G 30,5CM 1LUM-785903",UNIDADE,0,1,0,0,0,0,1,"0,167",7,,"41,992"
8393,CATETER VENOSO CENTRAL ARROW 7FR 20CM 2LUM-CV17702E,UNIDADE,0,0,0,0,1,0,1,"0,167",2,,"11,998"
8441,COLETOR URINA N/ESTERIL SEGMED 2000ML,UNIDADE,46,34,46,86,81,32,325,"54,167",2710,,"50,031"
8446,(BC)BOLSA COLETORA URINA SF UROZAMM ADULTO 2000ML,UNIDADE,6,2,11,11,8,6,44,"7,333",1320,,"180,001"
8455,COMPRESSA GAZE ESTERIL CREMER 13 FIOS 15X30CM-304084,UNIDADE,3,0,2,-2,2,0,5,"0,833",102,,"122,405"
8457,"COMPRESSA GAZE ESTERIL CREMER 11 FIOS 7,5X7,5CM-194586",UNIDADE,2,2,4,0,0,0,8,"1,333",98,,"73,502"
8459,"COMPRESSA GAZE N/ESTERIL CREMER 9FIO 7,5X7,5CM 500UND-158434",UNIDADE,0,0,7,0,1,0,8,"1,333",89,,"66,752"
8493,"CURATIVO NAO ADERENTE ADAPTIC PETROLATUM 7,5X20CM-2013",UNIDADE,6,4,3,5,4,2,24,4,199,,"49,75"
Produto,,Unidade,18,19,20,21,22,23,Total,Média,Saldo,Projeç.,
8500,CURATIVO HIDROCELULAR TRAQUEOSTOMIA ALLEVYN 9X9CM-66007640,UNIDADE,4,-1,0,1,0,0,4,"0,667",103,,"154,492"
8511,(BC)PROTETOR PELE BARREIRA CAVILON SPR 28ML FR-3346BR,UNIDADE,9,5,6,5,6,4,35,"5,833",66,,"11,314"
8512,(BC)PROTETOR PELE BARREIRA CAVILON CREME 92G-3392,UNIDADE,1,2,0,2,0,0,5,"0,833",45,,"54,002"
8526,CURATIVO FILME TRANSPARENTE TEGADERM 15CMX10M RL-1601510BR,UNIDADE,0,0,6,0,0,0,6,1,39,,39
8540,CURATIVO HIDROCOLOIDE DUODERM CGF 10X10CM-187660,UNIDADE,2,0,2,-2,3,0,5,"0,833",261,,"313,213"
8549,CURATIVO HIDROGEL AMORFO INTRASITE 25G FR-7313,UNIDADE,0,0,0,1,0,1,2,"0,333",35,,"105,011"
8574,CURATIVO FILME TRANSPARENTE POLIURETANO 6X7CM-4007,UNIDADE,47,64,62,86,16,45,319,"53,167",321,,"6,038"
8576,"CURATIVO FILME TRANSPAR TEGADERM IV 5X5,7CM-1610",UNIDADE,12,10,33,15,34,10,114,19,675,,"35,526"
8624,"DRENO SUCCAO SANFONADO ZAMMIVAC 1/8POL 3,2MM 600ML-1100",UNIDADE,0,0,0,0,0,1,1,"0,167",0,,0
8644,ELETRODO DESCART MONIT CARDIACA NEO/PED RETANG 3 UND-2269T,UNIDADE,39,3,15,9,6,10,82,"13,667",631,,"46,171"
8648,ELETRODO DESCART ECG MEDI TRACE 200 ADULTO-31050522,UNIDADE,351,436,552,576,524,296,2735,"455,833",14173,,"31,093"
8701,"FITA ESPARADRAPO IMPERMEAVEL CREMER BRANCO 10CMX4,50M-198973",UNIDADE,0,0,30,0,10,0,40,"6,667",265,,"39,75"
8709,FIO SUTURA N/ABSORVIVEL VALVEKIT 2-0 75CM 2AGU 15MM-KAT15G,UNIDADE,0,0,0,0,1,0,1,"0,167",27,,"161,968"
8724,EXTENSAO OXIGENIO ESTERIL OXIZAMM C/CONECTOR 2M,UNIDADE,-9,20,-14,18,5,-3,17,"2,833",30,,"10,588"
8796,FIXADOR CANULA TRAQUEOSTOMIA C/ VELCRO MEDFIX ADULTO-104010,UNIDADE,5,1,0,0,1,0,7,"1,167",106,,"90,855"
8807,(BC)FORRACAO ORTOPEDICA CALCANEO/TORNOZELO SALVAPE,UNIDADE,4,2,6,2,2,2,18,3,359,,"119,667"
8846,COMPRESSA GAZE ESTERIL BOLA 04 C/FIO RX 5 UND,UNIDADE,0,0,0,0,0,1,1,"0,167",108,,"647,87"
8851,GEL P/ EXAME ULTRASONOGRAFIA 250G FR,UNIDADE,0,0,14,0,30,0,44,"7,333",92,,"12,546"
8859,CLAMP FECHAMENTO NAO ESTERIL CONVATEC-175635,UNIDADE,2,2,1,1,0,1,7,"1,167",194,,"166,281"
8871,"HEMOSTATICO CIRURG MALHA SOLTA SURGICEL 5,5X7,5CM-1953",UNIDADE,3,0,0,0,0,0,3,"0,5",14,,28
8883,DISPOSITIVO INCONTINENCIA URINARIA MASC C/PRESERV C/SONDA,UNIDADE,2,1,2,2,3,0,10,"1,667",87,,"52,199"
Produto,,Unidade,18,19,20,21,22,23,Total,Média,Saldo,Projeç.,
8998,KIT TRANSDUTOR PRESSAO ADULTO-PX260,UNIDADE,3,2,8,10,4,5,32,"5,333",152,,"28,5"
9016,LANCETA ACCUCHECK SAFE T PRO UNO-05888662200,UNIDADE,94,73,251,120,98,66,702,117,2090,,"17,863"
9018,LENCOL HOSPITALAR DESCART PAPEL BRANCO 70CMX50M ROLO,UNIDADE,0,0,50,0,50,0,100,"16,667",230,,"13,8"
9019,LENCOL HOSPITALAR DESCART PAPEL BRANCO 50CMX50M ROLO,UNIDADE,0,0,10,0,0,0,10,"1,667",90,,"53,999"
9022,CLIP CIRURGICO LIGA CLIP M/G VERDE-LT300,UNIDADE,0,0,0,6,11,6,23,"3,833",67,,"17,478"
9033,"(BC)LUVA CIRURGICA ESTERIL LATEX C/PO SENSITEX PAR 6,5",UNIDADE,0,0,0,2,3,1,6,1,367,,367
9035,"(BC)LUVA CIRURGICA ESTERIL LATEX C/PO SENSITEX PAR 7,0",UNIDADE,4,6,4,3,3,10,30,5,973,,"194,6"
9037,"(BC)LUVA CIRURGICA ESTERIL LATEX C/PO SENSITEX PAR 7,5",UNIDADE,10,39,16,76,37,9,187,"31,167",1285,,"41,23"
9039,"(BC)LUVA CIRURGICA ESTERIL LATEX C/PO SENSITEX PAR 8,0",UNIDADE,0,0,0,1,3,2,6,1,697,,697
9070,MALHA TUBULAR ORTOPEDICA N/ ESTERIL ALGODAO 12CMX25M,UNIDADE,0,0,0,0,0,1,1,"0,167",9,,"53,989"
9091,MANTA TERMICA AD MEMBRO INFERIOR BAIR HUGGER 91X152CM-52500,UNIDADE,1,0,0,0,2,1,4,"0,667",38,,"56,997"
9092,MANTA TERMICA AD INTEIRA G BAIR HUGGER 183X91CM-61000,UNIDADE,0,0,0,0,0,2,2,"0,333",3,,"9,001"
9094,MANTA TERMICA AD UNDERBOD INTEIRA BAIR HUGGER 221X91CM-63500,UNIDADE,0,0,0,0,1,0,1,"0,167",35,,"209,958"
9166,FITA HIPOALERGENICA MICROPOROSA 3M 5CMX10M-1530,UNIDADE,0,0,22,0,4,0,26,"4,333",69,,"15,923"
9167,"FITA HIPOALERGENICA MICROPOROSA 3M 2,5CMX10M-1530",UNIDADE,0,0,27,0,2,0,29,"4,833",158,,"32,69"
9240,"PROTETOR OCULAR TRACH FIX 7,5X3,5X32CM TAM P-52POP",UNIDADE,1,0,0,0,0,0,1,"0,167",87,,"521,896"
9272,SENSOR FLOTRAC 152CM-MHD6,UNIDADE,0,0,0,1,0,0,1,"0,167",13,,"77,984"
9276,SERINGA DESCART S/AGULHA LUERLOCK 10ML-990172,UNIDADE,535,231,181,327,285,143,1702,"283,667",9347,,"32,951"
9277,SERINGA DESCART LUER SLIP C/AGULHA 1ML-990146,UNIDADE,1,16,-7,0,0,1,11,"1,833",188,,"102,547"
9278,SERINGA DESCART LUER SLIP S/AGULHA 1ML-990189,UNIDADE,29,21,17,15,20,24,126,21,2554,,"121,619"
9280,SERINGA DESCART 20ML LUER SLIP S/AGULHA-990173,UNIDADE,464,523,566,633,711,364,3256,"542,667",16548,,"30,494"
9281,SERINGA DESCART 3ML LUERLOCK S/AGULHA-990174,UNIDADE,189,283,291,325,382,165,1635,"272,5",5406,,"19,839"
9283,SERINGA DESCART 5ML LUERLOCK S/AGULHA-990175,UNIDADE,31,106,19,112,116,28,412,"68,667",2401,,"34,966"
9318,SONDA ASPIRACAO TRAQUEAL S/VALVULA N4,UNIDADE,0,0,4,4,0,1,9,"1,5",592,,"394,667"
Produto,,Unidade,18,19,20,21,22,23,Total,Média,Saldo,Projeç.,
9321,SONDA ASPIRACAO TRAQUEAL S/VALVULA N6,UNIDADE,16,8,10,41,44,5,124,"20,667",483,,"23,371"
9326,SONDA ASPIRACAO TRAQUEAL 12 S/ VALVULA,UNIDADE,67,44,25,70,39,32,277,"46,167",911,,"19,733"
9328,(O)SONDA ASPIRACAO TRAQUEAL S/VALVULA N16,UNIDADE,-1,0,0,0,0,0,-1,"-0,167",31,,0
9386,SONDA FOLEY LATEX C/BALAO 2 VIAS 12FR 5ML-18920512,UNIDADE,0,0,1,0,0,0,1,"0,167",26,,"155,969"
9433,SONDA NASOGASTRICA LEVINE PVC 20 LONGA 4 FUROS-266412,UNIDADE,0,0,1,0,1,0,2,"0,333",61,,"183,018"
9444,(BC)SONDA NASOGASTRICA LEVINE PVC 14 LONGA,UNIDADE,0,0,1,0,0,0,1,"0,167",48,,"287,942"
9445,SONDA NASOGASTRICA LEVINE PVC 16 LONGA 4F-NR16,UNIDADE,0,0,2,-1,1,0,2,"0,333",37,,"111,011"
9446,SONDA NASOGASTRICA LEVINE PVC 18 LONGA 4 FUROS,UNIDADE,0,0,0,0,2,1,3,"0,5",49,,98
9475,SONDA URETRAL PVC 10,UNIDADE,5,0,2,0,3,8,18,3,185,,"61,667"
9482,ESPONJA CIRURGICA HEMOSTATICA SPONGOSTAN 70X50X1MM-MS0002,UNIDADE,6,0,0,0,0,0,6,1,21,,21
9493,HEMOSTATICO CIRURG MALHA SOLTA SURGICEL 10X20CM-1952,UNIDADE,2,0,0,0,0,1,3,"0,5",57,,114
9516,TIRA REAGENTE P/ TESTE GLICEMIA ACCU-CHEK ACTIVE-05144612033,UNIDADE,0,0,0,0,50,0,50,"8,333",10445,,"1253,405"
9517,TORNEIRA INFUSAO 3 VIAS DISCOFIX C-16496C,UNIDADE,100,105,111,120,137,69,640,"106,667",3529,,"33,084"
9521,TOUCA DESCART TNT BRANCA C/ ELASTICO,UNIDADE,0,0,1900,0,200,0,2100,350,1000,,"2,857"
9531,APARELHO TRICOTOMIA DESCART CABECA FIXA LAMINA SIMPLES,UNIDADE,0,2,2,0,0,2,6,1,120,,120
10286,"MAGNEN B6 722,2/1MG COMP REV-MAGNESIO/PIRIDOXINA",COMPRIMIDO,5,4,5,5,5,1,25,"4,167",217,,"52,08"
10357,GLICOSE 5%-100ML SF PVC EV BAXTER,FRASC C/100ML,16,17,19,18,22,16,108,18,1048,,"58,222"
10369,RINGER LACTATO 500ML SF PVC BAXTER,FRASC C/500ML,35,69,38,83,91,52,368,"61,333","616,996",,"10,06"
10381,GLICOSE 10%-500ML SF PVC EV BAXTER,FRASC C/500ML,-1,0,0,0,6,2,7,"1,167",59,,"50,57"
10636,"CLORETO SODIO 0,9%-50ML ISENTO PVC EV B BRAUN",FRASC C/50ML,13,6,5,16,8,5,53,"8,833",351,,"39,736"
11221,BINELLI 30MG/ML-10ML FR GTS-DROPROPIZINA,FRASC C/10ML,0,0,2,1,2,1,6,1,"23,86",,"23,86"
11347,DIMORF 1MG/ML-2ML AMP IM/EV-MORFINA,AMP C/2MG,7,36,19,25,12,15,114,19,315,,"16,579"
11384,TUBO NASOTRAQUEAL PVC C/BAL PORTEX 6MM-100133060,UNIDADE,0,0,1,-1,1,0,1,"0,167",19,,"113,977"
11421,"ACHOCOLATADO C/LEITE PO PCT 1,3KG UND",UNIDADE,0,0,1,0,0,0,1,"0,167",25,,"149,97"
11626,BENICAR 40MG COMP REV-OLMESARTANA,COMP C/40MG,4,5,6,6,3,1,25,"4,167",141,,"33,84"
11659,DEPAKENE 250MG CAPS-ACIDO VALPROICO,CAPS C/250MG,11,9,3,3,3,2,31,"5,167",153,,"29,613"
12116,DIMORF 10MG COMP-MORFINA,COMP C/10MG,6,10,9,8,5,4,42,7,1395,,"199,286"
12194,EBIX 10MG COMP-MEMANTINA,COMP C/10MG,6,6,6,6,5,2,31,"5,167",165,,"31,935"
12217,EPREX 40.000UI/ML-1ML SER PREEN EV/SC-ALFAEPOETINA(GELAD),SERINGA PREENCHIDA,0,0,0,0,1,0,1,"0,167",0,,0
Produto,,Unidade,18,19,20,21,22,23,Total,Média,Saldo,Projeç.,
12404,IMOSEC 2MG COMP-LOPERAMIDA,COMP C/2MG,2,"7,5",8,"2,5","5,5","0,5",26,"4,333",196,,"45,231"
12412,KEFLEX 50MG/ML-100ML FR-CEFALEXINA,FRASC C/100ML,0,0,1,0,0,2,3,"0,5",2,,4
12427,"NARCAN 0,4MG/ML-1ML AMP IM/EV-NALOXONA","AMP C/0,4MG",-5,19,-12,6,-8,11,11,"1,833",183,,"99,82"
12438,"CLOREXIDINA S/ALCOOL PERIOGARD 0,12%-250ML FR ORAL",FRASC C/250ML,0,0,6,0,4,0,10,"1,667",50,,"29,999"
12453,"POLARAMINE 0,4MG/ML-120ML FR XPE-DEXCLORFENIRAMINA",FRASC C/120ML,0,0,1,0,0,0,1,"0,167","34,125",,"204,709"
12471,PURAN T4 100MCG COMP-LEVOTIROXINA,COMP C/100MCG,5,6,4,10,13,5,43,"7,167",163,,"22,744"
12472,PURAN T4 25MCG COMP-LEVOTIROXINA,COMP C/25MCG,13,13,12,26,33,1,98,"16,333",872,,"53,388"
12527,BOBINA AUTOCLAVE 1 VIA 57MMX30M UND,UNIDADE,0,0,4,0,0,0,4,"0,667",19,,"28,499"
12755,SYNTHROID 88MCG COMP-LEVOTIROXINA,COMP C/88MCG,1,1,1,4,1,0,8,"1,333",47,,"35,251"
12804,URBANIL 10MG COMP-CLOBAZAM,COMP C/10MG,7,9,8,8,8,5,45,"7,5",30,,4
12913,ZOLOFT 50MG COMP REV-SERTRALINA,COMP C/50MG,7,8,6,8,5,2,36,6,271,,"45,167"
13569,CLORETO CALCIO 100MG/ML(10%)-10ML AMP EV(MANIPULADO),FRASC C/10ML,2,0,0,0,5,0,7,"1,167",55,,"47,142"
13757,BLOCO ANOTACAO COLORIDO 94X80MM 600 FLS UND,UNIDADE,0,0,0,0,0,1,1,"0,167",153,,"917,816"
13847,MODULO ALIMENTAR FRESUBIN PROTEIN POWDER 300G LATA,LATA C/300G,2,2,2,2,3,2,13,"2,167",49,,"22,615"
13920,PASTA L PLASTICA CRISTAL A4 UND,PCT C/10UND,0,0,4,0,0,20,24,4,"27,4",,"6,85"
14526,FIO SUTURA NAO ABSORVIVEL ACIFLEX 6 4X45CM C/1 AGU-M654G,UNIDADE,0,0,0,0,2,1,3,"0,5",0,,0
14889,SANDOGLOBULINA PRIVIGEN 5G-50ML FR/AMP EV-IMUNOGLOBULINA,FA C/5GR,0,0,4,0,0,0,4,"0,667",15,,"22,499"
15189,CANULA ASPIRADOR UTERINO KOLPLAST 6MM RETA,UNIDADE,0,0,1,0,0,0,1,"0,167",2,,"11,998"
15191,CANULA ASPIRADOR UTERINO KOLPLAST 8MM RETA,UNIDADE,0,0,1,0,0,0,1,"0,167",1,,"5,999"
15248,"(BC)LUVA CIRURGICA ESTERIL S/LATEX S/PO SENSITOUCH PAR 6,5",UNIDADE,0,0,1,-1,9,14,23,"3,833",132,,"34,435"
15249,"(BC)LUVA CIRURGICA ESTERIL S/LATEX S/PO SENSITOUCH PAR 7,0",UNIDADE,-1,0,5,0,7,53,64,"10,667",203,,"19,031"
15250,"(BC)LUVA CIRURGICA ESTERIL S/LATEX S/PO SENSITOUCH PAR 7,5",UNIDADE,4,0,4,0,1,25,34,"5,667",384,,"67,764"
15251,"(BC)LUVA CIRURGICA ESTERIL S/LATEX S/PO SENSITOUCH PAR 8,0",UNIDADE,0,0,0,0,10,6,16,"2,667",91,,"34,125"
15252,"(BC)LUVA CIRURGICA ESTERIL S/LATEX S/PO SENSITOUCH PAR 8,5",UNIDADE,0,0,0,0,2,0,2,"0,333",163,,"489,049"
15605,FLIXOTIDE 50MCG-120DOSES FR SPR INAL-FLUTICASONA,FRASC C/120DS,0,0,1,0,2,1,4,"0,667",15,,"22,499"
15983,CURATIVO FILME TRANSPARENTE TEGADERM BASIC 6X7CM-1620BR,UNIDADE,82,79,70,61,150,50,492,82,2417,,"29,476"
15990,DIETA PARENTERAL OLIMEL N9E 1.000ML BOLSA,BOLSA C/1000ML,2,2,1,2,2,0,9,"1,5",0,,0
16060,DORMIRE 2MG/ML-10ML FR GTS-MIDAZOLAM,FRASC C/10ML,0,0,"0,4",0,0,0,"0,4","0,067","76,6",,"1148,426"
Produto,,Unidade,18,19,20,21,22,23,Total,Média,Saldo,Projeç.,
16188,DISPOSITIVO TRANSFERENCIA FLUIDOS TRANSOFIX-4090500,UNIDADE,-2,46,8,24,28,5,109,"18,167",315,,"17,339"
16194,EQUIPO MACROGOTA PVC SAFESET AIR NEEDLE FREE 160CM-401450SS,UNIDADE,189,206,179,321,265,148,1307,"217,833",12233,,"56,158"
16384,COMPRESSA CIRURGICA ESTERIL CREMER 11G RX 10X9CM-209815,UNIDADE,6,0,0,0,0,0,6,1,7,,7
16551,PLASMA LYTE 500ML BOLSA SF EV-CLOR SODIO/GLIC SODIO/ASSOC,BOLSA C/500ML,0,0,0,0,20,4,24,4,134,,"33,5"
16800,ATLANSIL 200MG COMP-AMIODARONA,COMP C/200MG,1,0,0,0,0,0,1,"0,167",7,,"41,992"
17083,EXTENSAO INFUSAO EXTENSOFIX 120CM-443120,UNIDADE,-17,44,-22,34,10,2,51,"8,5",490,,"57,647"
17200,PROBIOTICO SIMBIOFLORA 6G SACHE,UNIDADE,2,8,7,12,9,4,42,7,832,,"118,857"
17300,FORMULA LACTEA NAN 1 SUPREME 400G LATA,LATA C/400G,0,0,1,0,1,0,2,"0,333",4,,"12,001"
17449,"PILHA ALCALINA AA 1,5V PEQUENA UND",UNIDADE,0,0,0,0,6,0,6,1,216,,216
17529,FERINJECT 50MG/ML-10ML AMP-CARBOXIMALTOSE FERRICA,AMP C/500MG,2,0,2,4,0,0,8,"1,333",14,,"10,5"
17996,(BC)MASCARA LARINGEA DESCART AURAONCE 02 10-20KG-321200000,UNIDADE,0,0,1,0,0,0,1,"0,167",16,,"95,981"
17998,(BC)MASCARA LARINGEA DESCART AURAONCE 05 70-100KG-321500000,UNIDADE,1,0,1,0,0,0,2,"0,333",16,,"48,005"
18035,(BC)MASCARA LARINGEA DESCART AURAONCE 2.5 20-30KG-32125000,UNIDADE,0,0,1,0,0,0,1,"0,167",27,,"161,968"
18683,JARDIANCE 25MG COMP-EMPAGLIFLOZINA,COMP C/25MG,1,1,1,1,1,0,5,"0,833",41,,"49,202"
19148,VIMPAT 100MG COMP REV-LACOSAMIDA,COMPRIMIDO,17,9,13,14,3,10,66,11,0,,0
19443,FORMULA LACTEA NAN 2 SUPREME 800G LATA,LATA C/800G,0,0,0,0,0,1,1,"0,167",8,,"47,99"
19561,DIETA PARENTERAL NUTRIFICA PADRAO GERAL 1.000 A 1799ML,MILILITRO,0,4230,0,2840,0,2750,8420,"1403,333",0,,0
19562,DIETA PARENTERAL NUTRIFICA PADRAO GERAL ACIMA 1800ML,MILILITRO,0,5160,0,2760,0,4837,12757,"2126,167",0,,0
19569,DIETA PARENTERAL NUTRIFICA ADITIVO LIPIDEOS COMPLEXO,MILILITRO,0,0,0,0,0,425,425,"70,833",0,,0
19646,FLANAX 550MG COMP REV-NAPROXENO,COMP C/550MG,0,1,0,1,1,0,3,"0,5",47,,94
19654,SUPLEMENTO ALIMENTAR FRESUBIN JUCY DRINK MACA 200ML FR,FRASC C/200ML,0,0,0,0,2,8,10,"1,667",60,,"35,999"
19859,DIETA ENTERAL FRESUBIN 2KCAL HP 500ML BOLSA,BOLSA C/500ML,7,5,6,10,4,4,36,6,22,,"3,667"
19893,HEMOLENTA 5.000ML BOLSA SF EV-CLOR SODIO/SULF MAGNESIO,BOLSA C/5000ML,4,0,0,7,12,29,52,"8,667",146,,"16,846"
19918,SEVONESS 250ML FR INAL-SEVOFLURANO,FRASC C/250ML,"1,35","0,34","2,38","2,12","1,59","1,671","9,451","1,575","10,102",,"6,414"
20166,"DIPROGENTA 0,64/1MG/G-30G BG CREM-BETAMET DIP/GENTAMICINA",BISN C/30G,0,1,0,0,2,0,3,"0,5",29,,58
20308,UNIZINCO 4MG/ML-100ML TUTTI-FRUTTI FR ORAL-ZINCO,FRASC C/100ML,0,0,0,0,1,0,1,"0,167","10,88",,"65,267"
Produto,,Unidade,18,19,20,21,22,23,Total,Média,Saldo,Projeç.,
20360,PYRIDIUM 200MG COMP-FENAZOPIRIDINA,COMP C/200MG,0,2,3,0,0,0,5,"0,833",1,,"1,2"
20587,MASCARA LARINGEA DESCART AURAONCE 4 50-70KG-321400000,UNIDADE,2,0,1,0,1,2,6,1,40,,40
20624,KEPPRA 250MG COMP REV-LEVETIRACETAM,COMP C/250MG,8,8,0,4,0,5,25,"4,167",206,,"49,44"
20707,SUPLEMENTO ALIMENTAR NUTRIDRINK PROTEIN S/SABOR 350G LATA,LATA C/350G,0,0,0,2,0,0,2,"0,333",4,,"12,001"
20708,VONAU FLASH 4MG COMP ORODISPERSIVEL-ONDANSETRONA,COMP C/4MG,"8,75","4,5","6,25","3,75",3,0,"26,25","4,375","1935,4",,"442,377"
20778,"PRIMOVIST 181,43MG/ML-10ML SER PREEN EV-GADOXETATO",SERINGA PREENCHIDA,0,0,0,0,1,0,1,"0,167",31,,"185,963"
21122,SENSOR DESCART NAO ADESIVO OXIMETRO NEO/PED/ADULTO-MAXN,UNIDADE,7,3,4,6,3,6,29,"4,833",255,,"52,759"
21616,"FLUDROCORTISONA 0,1MG COMP(MANIPULADO)","COMP C/0,1MG",4,3,4,0,7,0,18,3,"283,5",,"94,5"
22151,VIDISIC GEL 2MG/G-10G TB GEL OFTAL-ACIDO POLIACRILICO,BISN C/10G,-7,17,-1,19,-3,5,30,5,287,,"57,4"
22178,SAPATILHA MALHA DESCARTAVEL SOLADO LONA TAM UNICO-03261,UNIDADE,0,0,0,0,0,100,100,"16,667",450,,27
22341,FORXIGA 10MG COMP REV-DAPAGLIFLOZINA,COMP C/10MG,7,8,5,7,5,1,33,"5,5",311,,"56,545"
22374,"MAXIDEX 1,0MG/ML-5ML FR OFTAL-DEXAMETASONA",FRASC C/5ML,0,0,2,0,0,0,2,"0,333",3,,"9,001"
22566,KIT CATETER HEMOD DUO SPLIT MEDCOMP 13FR 20CM 2LUM-DSP138SE,UNIDADE,0,0,0,1,0,1,2,"0,333",11,,"33,003"
22574,ESTILETE ENTUBACAO ENDOTRAQUEAL WELL LEAD 14FR-26111400,UNIDADE,1,0,2,5,-1,0,7,"1,167",30,,"25,714"
22597,GUIA ENTUBACAO BOUGIE VENT WELL LEAD 15FR 70CM-26211500,UNIDADE,1,0,0,0,0,1,2,"0,333",24,,"72,007"
22878,TALCO ESTERIL 10G ENV(MANIPULADO),ENV C/10GR,0,0,0,0,0,1,1,"0,167",9,,"53,989"
22973,DIETA ENTERAL PEPTAMEN INTENSE 1.000ML BOLSA,BOLSA C/1000ML,0,0,1,1,2,0,4,"0,667",1,,"1,5"
23061,CATETER INTRAV PERIF C/DISPO SEG AUTOGUARD BD 14G-38186714,UNIDADE,-3,8,1,28,-1,2,35,"5,833",443,,"75,943"
23171,CATETER INTRAV PERIF C/DISPO SEG AUTOGUARD BD 18G-381844,UNIDADE,-10,28,-5,17,4,2,36,6,497,,"82,833"
23177,CATETER INTRAV PERIF C/DISPO SEG AUTOGUARD BD 20G-381834,UNIDADE,0,5,2,0,0,0,7,"1,167",28,,"23,999"
23183,CATETER INTRAV PERIF C/DISPO SEG AUTOGUARD BD 22G-381823,UNIDADE,61,61,125,96,121,64,526,"87,667",2226,,"25,392"
23185,CATETER INTRAV PERIF C/DISPO SEG AUTOGUARD BD 24G-381812,UNIDADE,-17,48,-13,29,-30,9,26,"4,333",669,,"154,386"
23327,"AGULHA HIPODERMICA C/DISP SEG ECLIPSE 0,80X30MM-305818",UNIDADE,-18,71,14,19,26,10,122,"20,333",2316,,"113,902"
23328,"AGULHA HIPODERMICA ASPIRACAO 18G 1,20X25MM-305243",UNIDADE,809,970,1075,1169,1346,662,6028,"1004,667",26152,,"26,031"
Produto,,Unidade,18,19,20,21,22,23,Total,Média,Saldo,Projeç.,
23407,CAMARA NEBULIZACAO RETRATIL AEROPUFF CONTADOR-103310,UNIDADE,1,0,1,2,2,1,7,"1,167",21,,"17,999"
23820,CIS 2MG/ML-5ML FR/AMP EV-CISATRACURIO(GELAD),FA C/10MG,0,0,0,10,30,20,60,10,446,,"44,6"
24040,CATETER INTRAV PERIF C/DISPO SEG AUTOGUARD BD 16G-381854,UNIDADE,-4,22,-4,3,0,-1,16,"2,667",944,,"353,996"
24059,PROBIOTICO ENTEROGERMINA PLUS 4BCFU-5ML FLACONETE,FLACONETE,7,5,3,7,7,7,36,6,170,,"28,333"
24085,LAMINA TRICOMIZADOR ELETRICO 3M-9680,UNIDADE,4,0,2,1,1,1,9,"1,5",121,,"80,667"
24369,IOPAMIRON 300 612MG/ML-50ML FR/AMP EV(IOPAMIDOL),FA C/50ML,0,1,2,0,0,0,3,"0,5",24,,48
27688,LOSEC MUPS 10 MG COMP REV-OMEPRAZOL,COMPRIMIDO,12,7,7,6,2,2,36,6,273,,"45,5"
27993,CONECTOR VALVULADO SF C/LUER S/AGULHA MAXZERO-MZ1000,UNIDADE,30,62,30,97,58,10,287,"47,833",3635,,"75,993"
28000,"AGULHA HIPODERMICA C/DISP SEG ECLIPSE 0,4X13MM-30281264",UNIDADE,-7,46,13,21,19,18,110,"18,333",1123,,"61,255"
28149,HBR_MTN_HAC-PULSEIRA IDENTIFICACAO QUEDA DOURADO UND,UNIDADE,0,0,600,0,0,0,600,100,1200,,12
28150,PULSEIRA IDENTIFICACAO ALERGIA VERMELHO UND,UNIDADE,0,0,2100,0,0,0,2100,350,0,,0
28184,TESTE INDICADOR EFICACIA LIMPEZA VALISAFE CEI-944056,UNIDADE,0,0,100,0,0,0,100,"16,667",125,,"7,5"
28392,LAMINA BISTURI ACO CARBONO FEATHER N11,UNIDADE,14,28,8,16,14,16,96,16,879,,"54,938"
28393,LAMINA BISTURI ACO CARBONO FEATHER N15,UNIDADE,4,23,4,16,22,7,76,"12,667",579,,"45,71"
28394,LAMINA BISTURI ACO CARBONO FEATHER N24-400424,UNIDADE,1,0,0,1,6,0,8,"1,333",163,,"122,253"
28477,"(BC)LUVA CIRURGICA ESTERIL LATEX S/PO SENSIFREE PAR 6,5",UNIDADE,0,0,0,4,7,0,11,"1,833",545,,"297,278"
28478,"(BC)LUVA CIRURGICA ESTERIL LATEX S/PO SENSIFREE PAR 7,0",UNIDADE,0,0,1,0,0,0,1,"0,167",63,,"377,924"
28679,FIO SUTURA NAO ABSORVIVEL MONONYLON 0 120CM C/1 AGU-L886T,UNIDADE,0,0,0,0,1,0,1,"0,167",7,,"41,992"
28761,PANTOCAL 4MG/ML-10ML FR/AMP EV-PANTOPRAZOL,FA C/40MG,2,73,48,57,83,38,301,"50,167",37,,"0,738"
28937,"CURATIVO FILME TRANSPARENTE TEGADERM 8,5X11,5CM-1685",UNIDADE,27,29,24,48,49,17,194,"32,333",326,,"10,082"
29013,AMIODARONA 50MG/ML-3ML AMP EV HIPOLABOR,AMP C/150MG,6,0,8,0,0,0,14,"2,333",518,,"222,003"
29127,SWABS/LENCO ASSEPSIA TNT ALCOOL ISOPROP 70% SACHE-06023060S,UNIDADE,0,0,12400,0,9400,0,21800,"3633,333",59117,,"16,271"
29144,CATETER INTRAV PERIFERICO C/DISPO SEG ADVA 22G-11336,UNIDADE,-16,24,-7,36,15,0,52,"8,667",1002,,"115,615"
29242,XYLESTESIN 10%-50ML FR SPR TOP-LIDOCAINA,FRASC C/50ML,1,0,1,1,0,3,6,1,"18,98",,"18,98"
29289,VALTREX 500MG COMP REV-VALACICLOVIR,COMP C/500MG,2,0,0,0,0,0,2,"0,333",115,,"345,035"
29292,TORAGESIC 10MG COMP SL-TROMETAMINA CETOROLACO,COMP C/10MG,1,3,3,1,0,0,8,"1,333",35,,"26,251"
Produto,,Unidade,18,19,20,21,22,23,Total,Média,Saldo,Projeç.,
29383,ISORDIL SUBLINGUAL 5MG COMP SL-ISOSSORBIDA DINITRATO,COMP C/5MG,4,0,3,3,4,2,16,"2,667",134,,"50,249"
29396,GLYCOPHOS 216MG/ML-20ML FR/AMP EV-GLICEROFOSFATO,FA C/20ML,-2,0,0,3,0,2,3,"0,5",44,,88
29528,PAPEL ECOCARDIOGRAMA TERMOSSENSIVEL 50MM BOBINA-989803190381,UNIDADE,0,0,4,0,3,3,10,"1,667",0,,0
29557,"ATADURA CREPOM ESTERIL 18 FIOS 10CMX1,80M-203009",UNIDADE,0,0,0,1,0,2,3,"0,5",135,,270
29666,ENTRESTO 50 MG COMP REV (SACUBITRILVALSARTANA),COMP C/50MG,0,0,2,2,7,2,13,"2,167",125,,"57,691"
30254,BORRACHA BRANCA S/CAPA N40 UND,UNIDADE,0,0,0,0,0,1,1,"0,167",10,,"59,988"
30388,FRALDA INFANTIL PAMPERS SUPERSEC M 6-9 5KG,UNIDADE,0,0,6,27,30,28,91,"15,167",1235,,"81,428"
30389,FRALDA INFANTIL PAMPERS SUPERSEC G 9-14KG,UNIDADE,16,0,4,0,0,0,20,"3,333",732,,"219,602"
30390,FRALDA INFANTIL PAMPERS SUPERSEC XG 12-16KG,UNIDADE,10,0,6,0,0,0,16,"2,667",1851,,"694,116"
30391,FRALDA INFANTIL PAMPERS SUPERSEC XXG ACIMA 18KG,UNIDADE,23,10,9,4,12,10,68,"11,333",581,,"51,265"
30872,VONAU FLASH 8MG COMP-ONDANSETRONA,COMP C/8MG,5,4,4,7,9,1,30,5,74,,"14,8"
31120,CORONAR 10MG/ML-1ML AMP EV-ISOSSORBIDA MONONITRATO,AMP C/10MG,2,0,5,3,0,2,12,2,"136,3",,"68,15"
31151,LAMINA BISTURI ACO CARBONO FEATHER N23-400423,UNIDADE,2,4,2,2,0,0,10,"1,667",164,,"98,398"
31393,SUPLEMENTO ALIMENTAR FRESUBIN PRALINE CREME 125G POTE,UNIDADE,7,13,4,12,4,8,48,8,76,,"9,5"
31743,FILGRASTINE 300MCG/ML-1ML FR/AMP EV/SC(GELAD),FA C/300MCG,0,0,0,1,1,1,3,"0,5",36,,72
31792,"GARROTE LATEX FREE 2,5X45CM-1078",UNIDADE,0,0,1,0,0,0,1,"0,167",31,,"185,963"
31794,SYMBICORT 6/200MCG-120 DOSES FR AER C/INAL-FORMOTEROL/BUDESO,FRASC C/120DS,3,4,6,5,2,2,22,"3,667","16,008",,"4,366"
31813,OLIG-TRAT 2ML AMP EV-ZINCO/CUPRICO/MANGAN/CROMIC,AMPOLA,2,2,2,4,1,1,12,2,10,,5
31881,CAFE ESPRESSO CAPSULA NESPRESSO VOLLUTO 50G UND,UNIDADE,0,0,10,0,20,0,30,5,10,,2
31952,AZITROMICINA 600MG(200MG/5ML-15ML)FR PO SUSP EMS,FRASC C/15ML,0,0,0,2,1,1,4,"0,667",11,,"16,499"
31970,"FITA HIPOALERGENICA MICROPOROSA ESTERIL 2,5CMX10CM-230536",UNIDADE,1,0,0,0,6,1,8,"1,333",196,,"147,004"
31971,FITA HIPOALERGENICA MICROPOROSA ESTERIL 5CMX30CM-230635,UNIDADE,-5,22,28,-7,11,5,54,9,494,,"54,889"
32058,ENCRISE 20UI/ML-1ML AMP IM/EV/SC-VASOPRESSINA,AMP C/ 20UI,-6,4,4,2,12,0,16,"2,667",107,,"40,124"
32178,(BC)OSCAL 500MG COMP REV-CARBONATO CALCIO,COMP C/500MG,7,8,7,8,9,4,43,"7,167",339,,"47,302"
Produto,,Unidade,18,19,20,21,22,23,Total,Média,Saldo,Projeç.,
32190,DIETA PARENT NUTRIFICA ADITIVO INSULINA HUM R 100UI/ML-10ML,FA C/ 1000UI,0,2,0,0,0,0,2,"0,333",0,,0
32194,AMICACINA 250MG/ML-2ML AMP EV/IM TEUTO,AMP C/500MG,7,2,5,2,2,0,18,3,81,,27
32212,MANTA TERMICA AD MEMBRO SUPERIOR BAIR HUGGER-62200,UNIDADE,1,0,3,1,0,2,7,"1,167",36,,"30,856"
32284,GLICOSE 750MG/ML(75%)-10ML AMP EV(MANIPULADO),AMP C/10ML,0,0,30,-12,6,0,24,4,499,,"124,75"
32300,HEMAX ERITRON 4.000UI FR/AMP EV/SC-ERITROPOETINA,FA C/ 4000UI,1,2,2,2,2,2,11,"1,833",43,,"23,455"
32314,XYLESTESIN 2%-30G BG GEL TOP-LIDOCAINA,BISN C/30GR,2,23,7,28,24,12,96,16,587,,"36,688"
32329,RAMIPRIL 5MG COMP MEDLEY,COMP C/5MG,0,0,1,1,0,2,4,"0,667",136,,"203,99"
32353,CILINON 1.000MG FR/AMP EV/IM-AMPICILINA,FA C/1000MG,1,0,0,0,0,0,1,"0,167",609,,"3653,269"
32382,OXACILINA 500MG FR/AMP IM/EV BLAU,FA C/500MG,71,84,16,20,60,20,271,"45,167",1192,,"26,391"
32400,DOMPERIDONA 10MG COMP EMS,COMP C/10MG,11,23,15,17,15,3,84,14,153,,"10,929"
32689,DIPIRONA 500MG/ML-2ML AMP EV/IM TEUTO,AMP 1000MG,134,188,215,227,247,132,1143,"190,5",5586,,"29,323"
32694,FIO SUTURA ABSORVIVEL PDS II 5-0 75CM C/2 AGU-Z126H,UNIDADE,0,0,0,0,1,0,1,"0,167",63,,"377,924"
32894,AVENTAL DESCARTAVEL LAMINADO AZUL EXPURGO-ACIL,UNIDADE,0,0,0,0,0,30,30,5,150,,30
32999,RIBBON CERA PRETO 65MMX74M UND,UNIDADE,0,0,0,0,0,8,8,"1,333",0,,0
33001,PULSEIRA IDENTIF BAND UR ZEBRA BRANCA UND,UNIDADE,0,0,0,0,0,20,20,"3,333",60,,18
33160,SUPLEMENTO ALIMENTAR NOVASOURCE PROLINE BAUNILHA 200ML FR,UNIDADE,1,11,1,11,3,2,29,"4,833",63,,"13,035"
33240,SERINGA DESCART PERDA RESISTEN PERIFIX LOR LUER SLIP-4637100,UNIDADE,3,7,-1,0,0,0,9,"1,5",130,,"86,667"
33759,TIAMINA(VIT B1) 100MG/ML-1ML AMP EV/IM(MANIPULADO),AMP C/100MG,33,32,13,14,14,11,117,"19,5",955,,"48,974"
33893,CIRCUITO RESPIRATORIO ALTO FLUXO OPTIFLOW ADULTO-RT202,UNIDADE,0,0,0,1,0,0,1,"0,167",7,,"41,992"
33896,CIRCUITO RESPIRATORIO ALTO FLUXO OPTIFLOW JR-RT330,UNIDADE,0,1,2,1,3,-1,6,1,12,,12
33980,FIO SUTURA ABSORV STRATAFIX PDS 2-0 30CM C/1 AGU-SXPP1B410,UNIDADE,-1,0,0,0,2,1,2,"0,333",57,,"171,017"
34000,MANITOL 20%-250ML FR SF BAXTER,FRASC C/250ML,0,2,2,0,3,3,10,"1,667",113,,"67,799"
34097,GRAMPO TRILHO PLASTICO 200FLS 80MM 50 UND,UNIDADE,0,0,100,0,0,0,100,"16,667",1587,,"95,22"
34132,FIO SUTURA ABSORVIVEL CAPROFYL 3-0 70CM C/1 AGU-CF204T,UNIDADE,0,0,0,0,3,1,4,"0,667",20,,"29,999"
34593,BEPEBEN 1.200.000UI/4ML FR/AMP IM-BENZILPENICILINA BENZAT,FRASCO/AMPOLA,9,14,19,7,15,2,66,11,178,,"16,182"
34657,RINGER SIMPLES 500ML SF ISENTO PVC B BRAUN,FRASC C/500ML,11,0,4,0,0,0,15,"2,5",109,,"43,6"
Produto,,Unidade,18,19,20,21,22,23,Total,Média,Saldo,Projeç.,
34799,LAMINA TESTE HEMOCHRON COAGULACAO ACTPLUS - 000JACT+(GELAD),UNIDADE,0,0,3,0,8,0,11,"1,833",100,,"54,546"
34868,COMPRESSA COTONOIDE NEUROCIRURGICA DEROYAL 25X76MM-30060,UNIDADE,0,0,0,0,0,2,2,"0,333",39,,"117,012"
35109,LACRE ESPINHA PEIXE AZUL 23CM UND,UNIDADE,0,0,0,0,0,600,600,100,200,,2
35275,RESTIVA 5MG ADES TRANSD TOP-BUPRENORFINA,UNIDADE,0,0,2,0,3,1,6,1,6,,6
35685,"CURATIVO MULTICAMADA ALLEVYN LIFE 21,6X23CM-66801307",UNIDADE,9,8,3,11,10,9,50,"8,333",373,,"44,76"
35858,LAMINA LARINGOSCOPIO MCGRATH MAC 4-350013000,UNIDADE,1,0,0,1,0,0,2,"0,333",139,,"417,042"
35898,METRONIDAZOL 250MG COMP REV PRATI,COMP C/250MG,0,6,4,6,10,0,26,"4,333",253,,"58,385"
35900,COLACT 667MG/ML-120ML FR XPE-LACTULOSE,FRASC C/120ML,1,0,0,0,0,0,1,"0,167","26,078",,"156,439"
36012,CREON 25.000UI CAPS GEL-PANCREATINA,CAPSULA,15,22,8,6,9,4,64,"10,667",113,,"10,594"
36052,"ATADURA CREPOM NEVE 13 FIOS 10CMX1,80M-7911905",UNIDADE,35,25,43,41,47,22,213,"35,5",838,,"23,606"
36053,SONDA GASTRICA FOUCHET BIOLEVINE 32FR 80CM-0039001,UNIDADE,2,0,0,2,1,2,7,"1,167",15,,"12,857"
36081,TORGENA 2.000/500MG FR/AMP EV-CEFTAZIDIMA/AVIBACTAM,FRASCO/AMPOLA,7,6,6,5,10,3,37,"6,167",302,,"48,973"
36149,HEMOFOL 5.000UI/ML-5ML FR/AMP EV-HEPARINA,FA C/ 25000UI,6,0,8,11,11,5,41,"6,833",244,,"35,707"
36335,TEFLAN 20MG COMP REV-TENOXICAM,COMP C/20MG,2,-1,0,0,0,0,1,"0,167",48,,"287,942"
36421,"CARVEDILOL 12,5MG COMP BIOSINTETICA","COMP C/12,5MG",4,5,4,4,4,3,24,4,243,,"60,75"
36437,"ATADURA CREPOM NEVE 13 FIOS 20CMX1,80M-7911911",UNIDADE,1,0,0,0,0,0,1,"0,167",77,,"461,908"
36519,KIT CATETER VENOSO CENT SUBCLAVIA 4FR 13CM 2LUM CVC-CH4D13BW,UNIDADE,0,0,0,1,0,0,1,"0,167",0,,0
36792,FLUOXETINA 20MG CAPS EUROFARMA,CAPS C/20MG,8,12,10,12,14,0,56,"9,333",301,,"32,25"
36811,DORMIRE 5MG/ML-10ML AMP IM/EV-MIDAZOLAM,AMP C/50MG,1,1,5,7,6,6,26,"4,333",203,,"46,847"
36816,ROPI 2MG/ML-20ML AMP EPI-ROPIVACAINA,AMP C/40MG,1,0,2,2,0,0,5,"0,833",32,,"38,402"
36878,FIXADOR TUBO/SONDA NASAL 3M,UNIDADE,3,3,8,5,2,5,25,"4,167",304,,"72,959"
36933,(BC)INVOLUCRO TUBULAR TERMO SELANTE TYVEK 100X70M,UNIDADE,0,0,0,0,0,1,1,"0,167",6,,"35,993"
36934,(BC)INVOLUCRO TUBULAR TERMO SELANTE TYVEK 150X70M,UNIDADE,0,0,0,0,0,1,1,"0,167",1,,"5,999"
36944,BANDAGEM ELASTICA ESTERIL FAIXA SMARCH 15CMX2M-207005,UNIDADE,0,0,0,6,0,2,8,"1,333",56,,"42,001"
36947,BANDAGEM ELASTICA ESTERIL FAIXA SMARCH 20CMX2M-207020,UNIDADE,4,0,0,0,0,0,4,"0,667",19,,"28,499"
36948,"GAZE ESTERIL TAMPAO VAGINAL 4,5CMX100CM-209014",UNIDADE,1,0,0,0,0,0,1,"0,167",74,,"443,911"
Produto,,Unidade,18,19,20,21,22,23,Total,Média,Saldo,Projeç.,
37050,NISTATINA/OX ZINCO 100.000UI/200MG/G-60G BG POM TOP EMS,BISN C/60G,1,2,3,6,1,0,13,"2,167",90,,"41,538"
37175,PROPRANOLOL 10MG COMP MEDLEY,COMP C/10MG,4,0,0,0,0,0,4,"0,667",869,,"1303,435"
37312,LINEZOLIDA 2MG/ML-300ML BOLSA SF EV BEKER,BOLSA C/600MG,4,0,2,0,0,0,6,1,1,,1
37340,DERMAZINE 10MG/G-30G BG CREM TOP-SULFADIAZINA,BISN C/30G,1,1,0,0,0,1,3,"0,5",50,,100
37493,SERINGA PREENCHIDA SOL CLORETO SODIO POSIFLUSH 10ML-306565,UNIDADE,657,639,647,870,845,420,4073,"678,833",19351,,"28,506"
37516,"CLORETO SODIO 0,9%-50ML PVC EV BAXTER",FRASC C/50ML,17,12,2,2,4,1,38,"6,333",967,,"152,685"
37531,COMPRESSA COTONOIDE NEUROCIRURGICA DEROYAL 13X76MM-30057,UNIDADE,0,0,4,0,2,0,6,1,11,,11
37663,SONDA FOLEY 2 VIAS SILICONE 18FR C/ BALAO 5ML-12311804,UNIDADE,5,0,4,4,0,0,13,"2,167",45,,"20,769"
37729,SKINAGE OLEO 100ML FR TOP-AGE/ASSOCIACOES,FRASC C/100ML,0,0,1,0,1,0,2,"0,333",133,,"399,04"
37999,SACO PLASTICO MED CONTROLADO TRANSPARENTE 15X20CM 100 UND,UNIDADE,0,0,0,0,0,10,10,"1,667",242,,"145,197"
38335,COPO PLASTICO DESCART 200ML PCT C/100 UND,UNIDADE,0,0,150,0,56,53,259,"43,167",1363,,"31,575"
38340,COPO PLASTICO DESCART 300ML PCT C/100 UND,UNIDADE,0,0,5,0,0,0,5,"0,833",24,,"28,801"
38343,COPO PLASTICO DESCART 50ML PCT C/100 UND,UNIDADE,0,0,11,0,9,0,20,"3,333",149,,"44,7"
38380,TAMPA PLASTICO DESCART INCOLOR 100ML UND,UNIDADE,0,0,2,0,0,0,2,"0,333",5,,"15,002"
38493,BETACRIS 1MG/ML-5ML AMP EV-METOPROLOL TART,AMP C/5MG,1,2,5,1,4,0,13,"2,167",106,,"48,922"
39307,AMIODARONA 200MG COMP MEDLEY,COMP C/200MG,1,4,6,3,2,1,17,"2,833",1229,,"433,77"
39472,(BC)COMPRESSA COTONOIDE NEUROCIRURGICA DEROYAL 13X25MM-30055,UNIDADE,0,0,0,0,0,5,5,"0,833",53,,"63,603"
39475,COMPRESSA COTONOIDE NEUROCIRURGICA DEROYAL 25X25MM-30059,UNIDADE,0,0,1,0,0,0,1,"0,167",27,,"161,968"
39763,COLETOR PERFUROCORTANTE 7L UND-0160201,UNIDADE,0,0,138,0,10,10,158,"26,333",0,,0
39766,COLETOR PERFUROCORTANTE DESCARPACK 13L UND-0160301,UNIDADE,0,0,23,0,0,0,23,"3,833",110,,"28,696"
39773,DESINFETANTE ACIDO PERACETICO ANIOS 5L UND,UNIDADE,0,0,0,0,0,3,3,"0,5",9,,18
39779,DETERGENTE ENZIMATICO LUCKZYMES HOSPITALAR 5L UND,UNIDADE,0,0,0,0,0,2,2,"0,333",14,,"42,004"
39786,REMOVEDOR OXIDACAO OXICLEAN 5L UND,UNIDADE,0,0,0,0,0,1,1,"0,167",25,,"149,97"
40080,TUBO ENDOTRAQUEAL PVC C/BAL COMPER 6MM-010060C,UNIDADE,0,0,0,0,0,1,1,"0,167",29,,"173,965"
Produto,,Unidade,18,19,20,21,22,23,Total,Média,Saldo,Projeç.,
40455,CLISTEROL 120MG/ML-500ML FR RETAL-GLICEROL,FRASC C/500ML,0,1,2,9,2,4,18,3,215,,"71,667"
41695,AMOXICILINA 400MG/5ML-100ML FR SUSP EMS,FRASC C/100ML,0,0,1,1,0,0,2,"0,333",5,,"15,002"
41715,"PURAN T4 12,5MCG COMP-LEVOTIROXINA","COMP C/12,5MCG",6,6,5,2,2,5,26,"4,333",214,,"49,385"
41727,GLIFAGE XR 1.000MG COMP LIB PROL-METFORMINA,COMP C/1000MG,6,7,3,7,2,0,25,"4,167",48,,"11,52"
41731,CRESTOR 40MG COMP REV-ROSUVASTATINA,COMP C/40MG,11,13,10,15,16,7,72,12,273,,"22,75"
42239,DISPOSITIVO DISSECCAO VENOSA ESTERIL N8-299141,UNIDADE,0,0,10,-9,1,0,2,"0,333",44,,"132,013"
42913,FRALDA INFANTIL RECEM NASCIDO 0-4KG PAMPERS PCT C/20 UND,UNIDADE,0,0,0,0,3,6,9,"1,5",350,,"233,333"
42969,FILTRO HME BACT/VIRAL HYGROBAC S 150-1200ML-352S5855BR,UNIDADE,6,11,15,4,2,6,44,"7,333",77,,"10,5"
43035,BOLSA SOLUCAO PARENTERAL MIX BAG 100ML-2112378,UNIDADE,12,8,10,18,7,6,61,"10,167",1586,,"155,999"
43184,EQUIPO BOMBA ENTERAL AIR TK-402112P,UNIDADE,0,0,0,0,0,3,3,"0,5",16,,32
43519,"CAL SODADA GRANULADA 4,3KG BOMBONA-0086G",UNIDADE,0,0,6,0,0,0,6,1,10,,10
43595,AGULHA CROCHE ESTERIL N10-299142,UNIDADE,0,0,11,-2,2,0,11,"1,833",424,,"231,277"
43597,DISPOSITIVO DISSECCAO VENOSA ESTERIL N12-299143,UNIDADE,0,0,11,-6,0,0,5,"0,833",83,,"99,604"
43645,AZTREONAM 1.000MG FR/AMP EV/IM BIOCHIMICO,FA C/1000MG,6,6,6,6,16,8,48,8,291,,"36,375"
43813,EMBALAGEM PLASTICA ESTERIL 80X120CM-204061,UNIDADE,3,3,17,12,8,10,53,"8,833",306,,"34,642"
44083,AVIDE 100MG CAPS-RACECADOTRILA,CAPS C/100MG,16,26,12,15,16,9,94,"15,667",414,,"26,425"
44084,LOSARTANA 50MG COMP REV GERMED,COMP C/50MG,33,37,38,37,34,10,189,"31,5",689,,"21,873"
44107,KIT HIGIENE ORAL VENTILACAO MECANICA ADULTO DENTALLINE,UNIDADE,0,0,0,0,100,0,100,"16,667",279,,"16,74"
44281,CAPTOPRIL 25MG COMP SANOFI MEDLEY,COMP C/25MG,3,3,1,6,4,3,20,"3,333",273,,"81,901"
44522,SERINGA DOSADORA ORAL WILTEX 10ML-OSY1410U,UNIDADE,7,7,3,3,5,0,25,"4,167",1438,,"345,117"
44536,BUPROPIONA 150MG COMP LIB PROL EMS,COMP C/150MG,1,1,2,4,1,0,9,"1,5",174,,116
44547,INDICADOR BIOLOGICO CELERITY 20HP-LCB044,UNIDADE,0,0,0,0,0,25,25,"4,167",100,,24
44565,TIRA GLICEMIA ACCU CHEK II-05942861136,UNIDADE,0,0,750,0,300,0,1050,175,3945,,"22,543"
44931,CLORETO SODIO 500MG CAPS-MANIP,CAPSULA,6,8,6,8,4,0,32,"5,333",237,,"44,438"
45094,ANSENTRON 2MG/ML-4ML AMP IM/EV-ONDANSETRONA,AMP C/8MG,33,41,39,28,27,22,190,"31,667",913,,"28,832"
45212,CLORETO SODIO/GLICOSE 500ML FR SF ISENTO PVC EV HALEX ISTAR,FRASC C/500ML,0,0,3,5,2,0,10,"1,667",51,,"30,599"
45350,"CLORETO SODIO 0,9%-1.000ML FR ISENTO PVC EV HALEX ISTAR",FRASC C/1000ML,82,3,61,89,30,51,316,"52,667",1034,,"19,633"
45366,"CATETER NASAL OXIG OCULOS GMI NEO 2,1M-23006",UNIDADE,0,0,0,0,1,0,1,"0,167",0,,0
Produto,,Unidade,18,19,20,21,22,23,Total,Média,Saldo,Projeç.,
45381,"CLORETO SODIO 0,9%-500ML FR ISENTO PVC EV HALEX ISTAR",FRASC C/500ML,5,-2,12,4,0,0,19,"3,167","545,998",,"172,419"
45382,"CLORETO SODIO 0,9%-100ML FR  ISENTO PVC EV HALEX ISTAR",FRASC C/100ML,54,39,43,35,69,25,265,"44,167",1721,,"38,966"
45383,GLICOSE 5%-500ML SF PVC EV HALEX ISTAR,FRASC C/500ML,16,10,18,23,19,28,114,19,982,,"51,684"
45674,CURATIVO REDONDO BLOOD STOP CREMER-345377,UNIDADE,0,0,1500,0,1500,0,3000,500,27141,,"54,282"
45817,HEMATOM 10/50MG/G-30G BG GEL TOP-ESCINA/DIETILAMINA,BISN C/30G,2,0,2,2,2,0,8,"1,333",134,,"100,503"
46413,AZITROMICINA 500MG FR/AMP EV CRISTALIA,FA C/500MG,8,10,3,7,7,5,40,"6,667",212,,"31,8"
46536,GLICOSE 5%-250ML FR SF ISENTO PVC EV HALEX ISTAR,FRASC C/250ML,1,1,2,0,0,0,4,"0,667",176,,"263,987"
46964,EQUIPO ENTERAL SPIKE BOLSA ENFIT-775100,UNIDADE,14,19,14,23,16,21,107,"17,833",306,,"17,159"
47349,NOREPINEFRINA 2MG/ML-4ML AMP EV HYPOFARMA,AMP C/8MG,32,20,36,64,30,34,216,36,920,,"25,556"
48056,PERNEIRA COMPRESSAO ATE A COXA EXPRESS TAM M-73012,UNIDADE,2,3,4,-3,7,4,17,"2,833",31,,"10,941"
49720,GAMUNEX 100MG/ML-50ML FR/AMP EV-IMUNOGLOBULINA(GELAD),FA C/5000MG,0,0,0,0,1,0,1,"0,167",27,,"161,968"
52253,FIO SUTURA N/ABSORV PROLENE 8-0 60CM C/2 AGU-8741,UNIDADE,0,0,0,0,1,0,1,"0,167",0,,0
52369,SUCCITRAT 100MG FR/AMP EV/IM-SUXAMETONIO,FA C/100MG,1,0,0,1,0,0,2,"0,333",37,,"111,011"
52440,FUROSEMIDA 40MG COMP BIOSINTETICA,COMP C/40MG,9,9,7,3,8,1,37,"6,167",138,,"22,378"
55993,"BICARBONATO SODIO 84MG/ML(8,4%)-10ML AMP EV SAMTEC",AMP C/10ML,10,31,33,46,25,3,148,"24,667",361,,"14,635"
56079,FENTANILA 50MCG/ML-10ML AMP EV/IM HIPOLABOR,AMP C/500MCG,0,5,0,10,-10,0,5,"0,833",10,,12
57124,ANSENTRON 2MG/ML-2ML AMP EV/IM-ONDANSETRONA,AMP C/4MG,16,23,26,27,21,6,119,"19,833",21,,"1,059"
57323,ONDANSETRONA 2MG/ML-4ML AMP EV/IM HYPOFARMA,AMP C/8MG,7,26,39,49,51,24,195,"32,5",5089,,"156,585"
57420,"DEXAMETASONA 4MG/ML-2,5ML FR/AMP EV/IM TEUTO",FA C/10MG,47,77,61,72,94,52,402,67,"1545,9",,"23,073"
57579,METILPREDNISOLONA SUCCINATO SOD 125MG FR/AMP IM/EV BLAU,FA C/125MG,0,0,0,0,1,0,1,"0,167",32,,"191,962"
60345,"DIGOXINA 0,25MG COMP PHARLAB","COMP C/0,25MG",0,0,1,1,0,0,2,"0,333",23,,"69,007"
60411,SERINGA DESCART BICO CATETER S/AGULHA 50ML-303553,UNIDADE,0,1,4,1,6,0,12,2,322,,161
60415,SERINGA DESCART LUER LOCK S/AGULHA 50ML-303552,UNIDADE,1,0,2,1,0,0,4,"0,667",173,,"259,487"
60702,ALBUMINA HUMANA 200MG/ML(20%)-50ML FR/AMP GRIFOLS,FA C/10000MG,0,0,4,4,6,2,16,"2,667",146,,"54,749"
65225,FAMOX 20MG COMP-FAMOTIDINA,COMP C/20MG,1,2,0,1,1,0,5,"0,833",19,,"22,801"
67170,SINVASTATINA 20MG COMP REV SANDOZ,COMP C/20MG,7,5,12,7,8,2,41,"6,833",137,,"20,049"
67225,"HEPARINA 5.000UI/0,25ML AMP SC(MANIPULADO)",AMP C/ 5000UI,8,6,3,8,16,6,47,"7,833",494,,"63,064"
Produto,,Unidade,18,19,20,21,22,23,Total,Média,Saldo,Projeç.,
68392,LINEZOLIDA 2MG/ML-300ML BOLSA SF EV CRISTALIA,BOLSA C/600MG,12,12,9,13,18,7,71,"11,833",270,,"22,817"
69016,IMPAR-ETIQ ADES COUCHE INFUSAO CONTINUA 10X8CM RL C/500 UND,ROLO,0,0,1,0,0,0,1,"0,167",63,,"377,924"
69026,IMPAR-ETIQ ADES COUCHE INFUSAO CONTIN BORDA VERM RL C/500UND,ROLO,0,0,2,0,0,0,2,"0,333",27,,"81,008"
69095,IMPAR-ETIQ ADES COUCHE INF CONT BORDA PRET 100X75MM RL500UND,ROLO,0,0,1,0,0,0,1,"0,167",21,,"125,975"
69366,IMPAR-ETIQ ADES COUCHE ACOMPAN VERM 5X10CM RL C/500 UND,ROLO,0,0,0,0,0,5,5,"0,833",40,,"48,002"
69628,PROTAMINA 1.000UI/ML-5ML AMP EV-PROTAMINA CELLERA,AMP C/ 5000UI,1,0,2,0,16,0,19,"3,167",223,,"70,42"
70745,(BC)LAMINA TRICOMIZADOR ELETRICO MEDLINE-DYND70880,UNIDADE,1,0,1,1,1,2,6,1,69,,69
72152,FIXADOR TUBO ENDOTRAQUEAL ANCHOR FAST SLIMFIT 5-8MM-9787,UNIDADE,0,0,1,3,0,1,5,"0,833",10,,12
72166,BUDESONIDA 32MCG-120 DOSES FR SPR INAL EMS,FRASC C/120DS,3,0,3,0,3,0,9,"1,5",70,,"46,667"
73103,ROSUVASTATINA 10MG COMP REV EMS,COMP C/10MG,6,29,33,27,24,2,121,"20,167",1150,,"57,025"
74517,LIPURO 1%-50ML FR/AMP EV-PROPOFOL,FA C/50ML,0,41,-9,23,-4,38,89,"14,833",322,,"21,708"
75203,CANULA NASAL OPTIFLOW M 10-60L/MIN-OPT944,UNIDADE,0,0,0,1,0,0,1,"0,167",0,,0
77212,FRESOFLOX 2MG/ML-200ML(400MG) BOLSA SF EV-CIPROFLOXACINO,BOLSA C/400MG,2,2,7,6,4,-1,20,"3,333",22,,"6,6"
77735,"FOSFATO POTASSIO 2MEQ(1,1MMOL)/ML-10ML AMP(MANIPULADO)",FA C/10ML,4,5,2,15,7,2,35,"5,833",313,,"53,657"
78115,CITALOPRAM 20MG COMP REV EUROFARMA,COMP C/20MG,0,0,0,0,0,1,1,"0,167",72,,"431,914"
78226,"AGULHA HIPODERMICA C/DISP SEG WILTEX 0,4X13MM-AQZ2713",UNIDADE,-2,0,6,5,1,3,13,"2,167",3147,,"1452,439"
78232,"AGULHA HIPODERMICA C/DISP SEG WILTEX 0,80X30MM-MDL2130S",UNIDADE,0,0,0,0,2,0,2,"0,333",291,,"873,087"
78711,EXTENSAO INFUSAO POLI-HART 2 C/LUER LOCK 2 VIAS-420103,UNIDADE,16,51,40,55,67,24,253,"42,167",352,,"8,348"
78798,"CLORETO SODIO 0,9%-250ML FR ISENTO PVC EV HALEX ISTAR",FRASC C/250ML,2,3,0,1,0,1,7,"1,167",1481,,"1269,392"
83144,CATETER INTRAV PERIF C/DISPO SEG AUTOGUARD BD 20G-38183314,UNIDADE,35,9,14,12,57,1,128,"21,333",70,,"3,281"
83560,ATENOLOL 25MG COMP REV SANDOZ,COMP C/25MG,4,2,3,3,3,0,15,"2,5",92,,"36,8"
83972,UNIMEDROL 125MG FR/AMP IM/EV-METILPREDNISOLONA SUCCINATO,FA C/125MG,3,5,0,6,7,0,21,"3,5",10,,"2,857"
83975,UNIMEDROL 500MG FR/AMP IM/EV-METILPREDNISOLONA SUCCINATO,FA C/500MG,2,6,2,2,2,1,15,"2,5",23,,"9,2"
84464,COBERTURA OBITO JUREMA GRANDE 90X210CM,UNIDADE,1,0,0,1,0,0,2,"0,333",42,,"126,013"
Produto,,Unidade,18,19,20,21,22,23,Total,Média,Saldo,Projeç.,
89457,KIT HEMOFILTRO/DIALISADOR C/HEPARINA OXIRIS-973003,UNIDADE,0,0,0,1,0,1,2,"0,333",27,,"81,008"
89897,"SUPLEMENTO ALIMENTAR FRESUBIN 3,2 KCAL DRINK BAUNILHA 125ML",FRASC C/125ML,0,-1,0,0,0,2,1,"0,167",9,,"53,989"
89918,"SUPLEMENTO ALIMENTAR FRESUBIN 3,2 KCAL DRINK AVELA 125ML",FRASC C/125ML,2,10,2,8,6,4,32,"5,333",151,,"28,313"
90145,SUPLEMENTO ALIMENTAR NOVASOURCE PROLINE MORANGO 200ML FR,FRASC C/200ML,5,12,4,10,7,1,39,"6,5",55,,"8,462"
91181,SERINGA DOSADORA ORAL INJEX 10ML,UNIDADE,0,0,0,1,0,0,1,"0,167",409,,"2453,509"
92443,EQUIPO MACROGOTAS S/INJETOR LATERAL CREMER-516647,UNIDADE,101,78,116,90,125,66,573,"95,5",2579,,"27,005"
93041,EQUIPO SORO MAX INFUSOR 150ML-410108,UNIDADE,0,0,1,1,0,0,2,"0,333",143,,"429,043"
93829,DIGESTINA 5MG/ML-2ML AMP EV/IM-BROMOPRIDA,AMP C/10MG,44,28,49,37,45,29,231,"38,5",1414,,"36,727"
93968,EXFUNO 500MG FR/AMP EV-DAPTOMICINA(GELAD),FA C/500MG,1,1,1,1,0,1,5,"0,833",54,,"64,803"
94103,DIPIRONA 500MG COMP EMS,COMP C/500MG,5,2,9,15,3,-1,33,"5,5",540,,"98,182"
94106,DIPIRONA 500MG/ML-10ML FR GTS EMS,FA C/10ML,0,0,4,0,2,0,6,1,"70,5",,"70,5"
94162,CAFE MONTE CASTELO GRAO TORRA ESCURA PREMIUM 500G UND,UNIDADE,0,0,2,0,0,0,2,"0,333",10,,"30,003"
94262,ROPI 10MG/ML-20ML FR/AMP-ROPIVACAINA,FA C/200MG,-5,24,-2,22,9,7,55,"9,167",328,,"35,782"
94979,LIPURO 1%-20ML AMP EV-PROPOFOL,AMP C/20ML,57,96,95,140,126,69,582,97,285,,"2,938"
97093,CURATIVO HIDROFIBRA/PRATA AQUACEL AG EXTRA 15X15CM-413568,UNIDADE,1,0,0,1,1,0,3,"0,5",63,,126
97774,OCTAPLEX 500UI FR/AMP EV-FATOR II/VII/IX/X,FA C/ 500UI,0,0,0,0,3,0,3,"0,5",26,,52
100977,CAPUCCINO TRADICIONAL BONGUSTO 1KG	UND,UNIDADE,0,0,1,0,0,0,1,"0,167",2,,"11,998"
102417,DISPOSITIVO INTRAUTERINO DIU ANDALAN SILVERFLEX 380-CU380AG,UNIDADE,0,0,0,0,1,0,1,"0,167",0,,0
103068,JARDIANCE 10MG COMP REV-EMPAGLIFLOZINA,COMP C/10MG,4,2,1,3,2,2,14,"2,333",37,,"15,857"
103671,FRASCO DIETA ENTERAL CONEXAO CRUZ NUTRIZ 500ML-647877,UNIDADE,8,8,16,16,24,24,96,16,443,,"27,688"
103718,CONECTOR MACHO/FEMEA VEDCAP-672619,UNIDADE,0,0,10,19,4,1,34,"5,667",4997,,"881,818"
104220,CEFEPIMA 1.000MG FR/AMP EV/IM-TEUTO,FA C/1000MG,10,8,13,9,6,4,50,"8,333",64,,"7,68"
104247,GABAPENTINA 300MG CAPS BIOLAB,CAPS C/300MG,9,15,10,21,18,12,85,"14,167",540,,"38,118"
104267,FAZOLON 1.000MG FR/AMP IM/EV-CEFAZOLINA,FA C/1000MG,8,38,22,38,25,11,142,"23,667",1489,,"62,915"
104282,ACIDO TRANEXAMICO 50MG/ML-5ML AMP EV HIPOLABOR,AMP C/250MG,18,0,0,1,24,6,49,"8,167",731,,"89,51"
104301,TRIDIL 5MG/ML-5ML AMP EV-NITROGLICERINA,AMP C/25MG,0,2,0,3,1,0,6,1,116,,116
104339,HYVIT K 10MG/ML-1ML AMP IM/SC-FITOMENADIONA(VIT K),AMP C/10MG,0,0,0,0,1,0,1,"0,167",50,,"299,94"
Produto,,Unidade,18,19,20,21,22,23,Total,Média,Saldo,Projeç.,
104360,ESPIRONOLACTONA 25MG COMP EUROFARMA,COMP C/25MG,0,10,14,16,13,6,59,"9,833",429,,"43,627"
104430,"ATROFARMA 0,25MG/ML-1ML AMP EV-ATROPINA","AMP C/0,25MG",-11,10,2,7,14,1,23,"3,833",108,,"28,174"
104503,DULOXETINA 30MG CAPS LIB PROL ACHE,CAPS C/30MG,24,25,28,18,17,1,113,"18,833",98,,"5,204"
104650,QUETIPIN 25MG COMP REV-QUETIAPINA,COMP C/25MG,27,27,31,36,35,24,180,30,614,,"20,467"
105062,METILDOPA 250MG COMP REV EMS,COMP C/250MG,4,4,2,6,4,2,22,"3,667",17,,"4,636"
105487,SERINGA DOSADORA ORAL WILTEX 20ML-OSY1420U,UNIDADE,0,0,1,0,1,0,2,"0,333",136,,"408,041"
106509,HYPOCINA COMPOSTA 4/500MG/ML-5ML AMP EV/IM-ESCOP/DIPIRONA,AMPOLA,34,31,31,25,49,28,198,33,1405,,"42,576"
109468,EQUIPO BOMBA PARENT S/PVC FOTOSS FRESENIUS-BRM46444900SSA,UNIDADE,7,3,6,5,4,1,26,"4,333",116,,"26,769"
109469,EQUIPO BOMBA PVC VLST10 FRESENIUS-BRM46441300S,UNIDADE,50,28,48,52,53,21,252,42,1428,,34
109538,ESCOPOLAMINA 20MG/ML-1ML AMP EV/IM/SC HYPOFARMA,AMP C/20MG,26,23,18,17,23,16,123,"20,5",1156,,"56,39"
109540,ONDANSETRONA 2MG/ML-2ML AMP EV/IM HYPOFARMA,AMP C/4MG,2,0,2,0,3,0,7,"1,167",91,,"77,998"
109594,LUVA PROCED N/EST NITRILO TAM G  CX C/100,UNIDADE,0,0,45,0,81,0,126,21,373,,"17,762"
109595,LUVA PROCED N/EST NITRILO TAM P CX C/100,UNIDADE,0,0,136,0,116,0,252,42,1140,,"27,143"
109596,LUVA PROCED N/EST NITRILO TAM M  CX C/100,UNIDADE,0,0,147,0,118,0,265,"44,167",577,,"13,064"
109695,MODULO ALIMENTAR GLUTAMINA GLUTA DYN S/SABOR 10G SACH DYNLAB,SACHE C/10G,-1,4,0,8,-2,2,11,"1,833",18,,"9,818"
109789,EQUIPO BOMBA PARENT FOTOS INFUSOMAT PLUS PVC FRE-441723PL,UNIDADE,0,0,0,1,0,0,1,"0,167",464,,"2783,443"
109791,"EQUIPO BOMBA PARENT COMPACT NFUSOMAT PLUS PVC 2,6M-441700PL",UNIDADE,0,0,0,2,-1,0,1,"0,167",793,,"4757,049"
109809,EQUIPO BOMBA IL PVC FRESENIUS-BRM46441600SSA,UNIDADE,0,0,0,0,6,0,6,1,577,,577
110545,UNI HALOPER 5MG/ML-1ML AMP IM-HALOPERIDOL,AMP C/5MG,1,1,1,3,0,0,6,1,297,,297
111653,BOLSA DRENAGEM HEMODIALISE BAXTER 5L BAG SP414-115959,UNIDADE,0,0,0,1,0,1,2,"0,333",51,,"153,015"
112136,COMPRESSA CIR ESTERIL MEDI HOUSE EMB DUPLA RX 25X28CM-00045,UNIDADE,13,113,66,136,159,27,514,"85,667",2853,,"33,303"
131289,SONDA ASPIRACAO TRAQUEAL 6FR FOYOMED-LB621006,UNIDADE,0,0,0,0,1,0,1,"0,167",31,,"185,963"
131291,SONDA ASPIRACAO TRAQUEAL 8FR FOYOMED-LB621008,UNIDADE,0,5,0,0,0,0,5,"0,833",351,,"421,217"
131293,SONDA ASPIRACAO TRAQUEAL 10FR FOYOMED-LB621010,UNIDADE,0,0,0,0,1,0,1,"0,167",261,,"1565,687"
131296,SONDA ASPIRACAO TRAQUEAL 14FR FOYOMED-LB621014,UNIDADE,-2,27,-7,22,1,-2,39,"6,5",341,,"52,462"
136539,SONDA PLASTICA URETRAL FOYOMED 4FR-LB661004,UNIDADE,1,0,0,0,3,2,6,1,238,,238
Produto,,Unidade,18,19,20,21,22,23,Total,Média,Saldo,Projeç.,
136542,SONDA PLASTICA URETRAL FOYOMED 6FR-LB661006,UNIDADE,0,0,0,0,2,0,2,"0,333",317,,"951,095"
136548,SONDA PLASTICA URETRAL FOYOMED 8FR-LB661008,UNIDADE,0,0,0,0,2,0,2,"0,333",234,,"702,07"
136558,SONDA PLASTICA URETRAL FOYOMED 12FR-LB661012,UNIDADE,1,1,7,2,1,2,14,"2,333",277,,"118,716"
136836,OSELTAMIVIR 75MG CAPS DURA NATCOFARMA,CAPS C/75MG,5,7,10,6,10,1,39,"6,5",371,,"57,077"
140553,TUBO ENDOTRAQUEAL PVC C/BAL COMPER 7MM-010070CB,UNIDADE,-3,3,1,0,16,-2,15,"2,5",203,,"81,2"
140689,TUBO ENDOTRAQUEAL ARAMADO C/BAL COMPER 7MM-020070C,UNIDADE,0,0,1,0,0,1,2,"0,333",58,,"174,017"
144205,FILTRO UMIDIFICADOR PED HMEF 50-250ML-YFHIT,UNIDADE,-10,22,-11,10,1,-2,10,"1,667",299,,"179,396"
144330,CEFTAZIDON 1.000MG FR/AMP EV-CEFTAZIDIMA,FA C/1000MG,0,6,0,2,2,3,13,"2,167",85,,"39,23"
145319,SONDA FOLEY 2 VIAS SILICONE 8FR C/ BALAO 3/5ML-12210803,UNIDADE,0,0,0,1,0,0,1,"0,167",16,,"95,981"
145499,FUROSEMIDA 10MG/ML-2ML AMP IM/EV HYPOFARMA,AMP C/20MG,17,16,30,29,24,9,125,"20,833",1280,,"61,44"
145676,FIO SUTURA NAO ABSORVIVEL PROLENE 8-0 45CM C/2 AGU-8730T,UNIDADE,0,1,0,0,10,0,11,"1,833",50,,"27,273"
146305,COLESTIRAMINA 4G LARANJA ENV(MANIPULADO),ENV C/4G,2,-1,0,0,0,0,1,"0,167",11,,"65,987"
148134,MASCARA CIRURGICA DESCARTAVEL TRIPLA C/ELASTICO,UNIDADE,0,0,5250,0,2750,1400,9400,"1566,667",50293,,"32,102"
148161,CURATIVO FILME TRANSPARENTE LEUKOMED T PLUS 10X25CM-7238203,UNIDADE,0,0,0,1,1,0,2,"0,333",48,,"144,014"
148251,TORNEIRA 3 VIAS MANIFOLD SUNNY MEDICAL-SMMF50BO3BT,UNIDADE,0,0,5,1,1,2,9,"1,5",223,,"148,667"
149552,CLOCEF 1.000MG FR/AMP EV/IM-CEFEPIMA,FA C/1000MG,-2,3,0,0,0,0,1,"0,167",41,,"245,951"
149718,MASCARA PROTECAO HOSPITALAR RESPIRATORIA N95 PFF2S-H2750,UNIDADE,0,0,59,0,0,50,109,"18,167",684,,"37,651"
150686,METRONACK 5MG/ML-100ML FR EV (METRONIDAZOL),FRASC C/500MG,34,15,24,26,22,4,124,"20,667",487,,"23,564"
150708,CATETER NASAL OXIG OCULOS FOYOMED NEO 2M 4FR-LB141321,UNIDADE,1,1,0,0,1,0,3,"0,5",89,,178
151133,SENSOR MONITORIZACAO ADULTO CONOX-BRZ029061,UNIDADE,1,1,1,0,3,3,9,"1,5",119,,"79,333"
151783,SISTEMA FECHADO ASPIRACAO TUBO CGH 12FR-ATE12BA,UNIDADE,1,0,0,0,0,0,1,"0,167",12,,"71,986"
152050,SISTEMA FECHADO ASPIRACAO TRAQUEO CGH 14FR-ATT14B,UNIDADE,0,0,1,0,0,0,1,"0,167",3,,"17,996"
152078,FLUCISTEIN 100MG/ML(10%)-3ML AMP EV-ACETILCISTEINA,AMP C/300MG,2,0,3,7,5,3,20,"3,333",211,,"63,301"
152439,EXTENSOR PERFUSOR INJECTOMAT LINE PVC 150CM-9004242,UNIDADE,10,99,-5,68,28,22,222,37,647,,"17,486"
152481,EXTENSAO PERFUSAO CC ZAMMI C/ CONECTOR 3M-9543,UNIDADE,-1,24,10,34,26,25,118,"19,667",515,,"26,186"
Produto,,Unidade,18,19,20,21,22,23,Total,Média,Saldo,Projeç.,
152626,SONDA FOLEY LATEX C/ BALAO 3VIAS 22FR  30ML- F01A102210,UNIDADE,0,0,0,2,0,0,2,"0,333",21,,"63,006"
152908,LAMINA BISTURI ACO CARBONO FEATHER N20-400420,UNIDADE,0,0,2,0,2,0,4,"0,667",265,,"397,48"
154485,"GUTTALAX 7,5MG/ML-30ML FR GTS-PICOSSULFATO SODIO",FRASC C/30ML,0,0,0,0,0,1,1,"0,167","531,592",,"3188,912"
156771,PLACA BISTURI VERTICAL BIPART BLAYCO CABO INF 129CM-I2600C,UNIDADE,0,0,1,0,0,0,1,"0,167",130,,"779,844"
157013,AMOXICILINA/CLAVULANATO POTASSIO 500/125MG COMP REV EMS,COMPRIMIDO,3,3,3,1,3,1,14,"2,333",114,,"48,858"
157257,ESCOVA ASSEPSIA CLOREXIDINA DEGERMANTE CRISTALIA 2%-454708,UNIDADE,0,0,96,0,0,0,96,16,344,,"21,5"
158261,SONDA FOLEY LATEX C/ BALAO 3 VIAS 24FR 30ML-F01A102410,UNIDADE,0,0,0,0,0,1,1,"0,167",19,,"113,977"
158365,CIRCUITO RESPIRATORIO ANESTESIA C/RAMAL AD 3M-YCAA3R15B3,UNIDADE,12,2,12,13,10,9,58,"9,667",144,,"14,897"
159112,SONDA FOLEY LATEX C/ BALAO 3 VIAS 20FR 30ML-F01A102010,UNIDADE,0,0,0,0,0,1,1,"0,167",65,,"389,922"
159540,TRICIT 4%(40MG/ML)-3000ML BOLSA SF(CITRATO SODIO),BOLSA C/3000ML,0,0,0,2,0,3,5,"0,833",19,,"22,801"
159553,SONDA FOLEY LATEX C/BALAO 2 VIAS 14FR-F01A021404,UNIDADE,1,0,4,0,2,2,9,"1,5",134,,"89,333"
159908,DIPIRONA 50 MG/ML-100 ML FR SOL-ACHE,FRASC C/100ML,0,0,3,0,3,0,6,1,"60,09",,"60,09"
159925,"DESLORATADINA 0,5 MG/ML-100 ML FR XPE-ACHE",FRASC C/100ML,0,0,1,0,0,0,1,"0,167","12,45",,"74,685"
159982,PREDNISOLONA FOSF SOD 3 MG/ML120 ML FR SOL-ACHE,FRASC C/120ML,0,0,3,0,1,0,4,"0,667","52,012",,"78,015"
160194,"CURATIVO TEGADERM CHG 7,0X8,5CM-1660R",UNIDADE,2,0,0,0,0,0,2,"0,333",57,,"171,017"
161306,AGUA DESTILADA SF 1000 ML FR - BBRAUN,FRASC C/1000ML,7,3,8,15,3,4,40,"6,667",152,,"22,8"
165339,SONDA FOLEY LATEX C/BALAO 2 VIAS 16FR-F01A021610,UNIDADE,0,2,1,3,2,2,10,"1,667",151,,"90,598"
168926,HALEXMINOPHEN 10 MG/ML-100 ML BOLSA SF EV(PARACETAMOL),BOLSA C/100ML,22,15,12,20,27,9,104,"17,333",171,,"9,865"
169969,CURATIVO CUTIMED SORBACT SWABS BSN 7X9CM-7216500,UNIDADE,0,0,1,0,0,0,1,"0,167",69,,"413,917"
170464,FIO SUTURA VICRYL PLUS C/AGULHA 70CM-XYVCP353H,UNIDADE,3,0,0,10,-6,2,9,"1,5",86,,"57,333"
170616,FIXADOR SONDA VESICAL GASTROSTOMIA TAM G,UNIDADE,3,1,5,6,3,5,23,"3,833",50,,"13,044"
170650,"ONCOKIT ACESSO MINILOC 20G 19MM 7,0-60104200101",UNIDADE,0,1,1,0,0,1,3,"0,5",88,,176
171249,CANETA ELETROBISTURI BAISHENG-0039D,UNIDADE,5,0,0,2,4,0,11,"1,833",376,,"205,095"
171361,"CLORETO SODIO 9 MG/ML(0,9%)-10 ML AMP EV-ISOFARMA",AMP C/10ML,597,643,834,864,980,475,4389,"731,5",25832,,"35,314"
171467,"FIXADOR CATETER CHG TEGADERM 8,5X11,5CM-1657R",UNIDADE,9,2,2,1,3,4,21,"3,5",221,,"63,143"
Produto,,Unidade,18,19,20,21,22,23,Total,Média,Saldo,Projeç.,
172047,FOSAPREPITANTO DIMEGLUMINA 150 MG FR/AMP EV-DR REDDYS(GELAD),FA C/150MG,0,0,2,0,1,0,3,"0,5",1,,2
172931,CURATIVO FILME TRANSPARENTE OPSITE POST OP 25X10CM-66000714,UNIDADE,0,2,0,3,0,2,7,"1,167",145,,"124,282"
173509,"CARVEDILOL 3,125 MG COMP EMS","COMP C/3,125MG",2,0,0,0,0,0,2,"0,333",193,,"579,058"
173978,MACACAO ESTERIL IMPERMEAVEL LAMIN DESCART WINNER TAM XXG-391,UNIDADE,0,0,0,0,0,10,10,"1,667",52,,"31,199"
174372,ESPACADOR ORAL MED AEROSOL AGACHAMBER BABY(<3ANOS)EA205,UNIDADE,1,1,0,4,3,0,9,"1,5",43,,"28,667"
175124,"REHIDRAT 50 NATURAL 7,340 G ENV (CLOR POT/CIT SOD/CLOR SOD)","ENV C/7,340G",2,1,9,7,11,12,42,7,311,,"44,429"
175584,CETROLAC 30MG/ML-1ML AMP IM/EV (TROMETAMINA CETOROLACO),AMP C/30MG,10,21,9,25,32,27,124,"20,667","280,933",,"13,594"
175675,"CLOREXIDINA AQUOSA CHLORCLEAR 0,2%-100 ML FR ALMOT TOP",FRASC C/100ML,15,31,20,38,79,7,190,"31,667",107,,"3,379"
175784,DISPOSITIVO FIXACAO CATETER STATLOCK PICC PLUS-VPPCSPCE,UNIDADE,0,1,0,0,0,0,1,"0,167",12,,"71,986"
175897,ALCOOL ANTISSEPTICO VIC PHARMA 70%-100ML FR,UNIDADE,0,0,0,0,4,2,6,1,9,,9
175970,CLOREXIDINA DEGERMANTE VIC PHARMA 2% 100ML FR,FRASC C/100ML,10,6,16,17,5,5,59,"9,833",319,,"32,441"
175978,CLOREXIDINA DEGERMANTE VIC PHARMA 4% 100 ML FR,UNIDADE,0,38,1,13,12,7,71,"11,833",358,,"30,254"
176028,EQUIPO SISTEMA AQUECIMENTO AUTOMER II FLUXO PADRAO-KM2K00001,UNIDADE,0,0,0,0,1,0,1,"0,167",24,,"143,971"
177143,COLETOR PERFUROCORTANTE BD DESCARTEX II PVC 13L UND,UNIDADE,0,0,0,0,0,10,10,"1,667",23,,"13,8"
177210,FORMOL INDALABOR 10% 1000 ML FR,UNIDADE,0,0,5,0,0,0,5,"0,833",87,,"104,404"
177262,EZETIMIBA 10 MG COMP-EMS,COMP C/10MG,14,14,12,12,14,8,74,"12,333",248,,"20,108"
178286,CATETER NASAL OXIG OCULOS FOYOMED PED 2M-LB141322,UNIDADE,1,0,1,1,3,2,8,"1,333",127,,"95,252"
178291,MICRONEBULIZADOR OXIGENIO PED FOYOMED-LB201101CG,UNIDADE,0,0,25,0,0,30,55,"9,167",193,,"21,054"
178299,MASCARA OXIGENIO ALTA CONCENTRACAO ADULTO FOYOMED-LB131005,UNIDADE,0,0,1,1,1,0,3,"0,5",41,,82
178300,MASCARA OXIGENIO ALTA CONCENTRACAO PED FOYOMED-LB131012,UNIDADE,0,0,0,0,3,1,4,"0,667",15,,"22,499"
178973,ESTILETE INTUBACAO TRAQUEAL WELLEAD 10FR-26111000,UNIDADE,-2,8,-4,3,-2,4,7,"1,167",85,,"72,855"
179030,"LUVA CIRURGICA ESTERIL C/PO LIVE PAR 6,5",UNIDADE,4,47,-23,22,49,16,115,"19,167","543,1",,"28,336"
179044,"LUVA CIRURGICA ESTERIL C/PO LIVE PAR 7,5",UNIDADE,-5,15,86,64,75,28,263,"43,833",553,,"12,616"
179056,"LUVA CIRURGICA ESTERIL C/PO LIVE PAR 8,0",UNIDADE,6,43,-8,40,26,-1,106,"17,667",738,,"41,774"
Produto,,Unidade,18,19,20,21,22,23,Total,Média,Saldo,Projeç.,
179063,"LUVA CIRURGICA ESTERIL C/PO LIVE PAR 8,5",UNIDADE,1,2,0,0,1,5,9,"1,5",290,,"193,333"
179071,"LUVA CIRURGICA ESTERIL C/PO LIVE PAR 7,0",UNIDADE,20,93,-1,76,25,14,227,"37,833",838,,"22,15"
179884,FRASCO COLETOR DRENAGEM SECRECAO BIOVAR 3500ML-0005087,UNIDADE,13,0,8,40,5,7,73,"12,167",157,,"12,904"
180122,FIO SUTURA ABSORVIVEL VICRYL 0 70CM C/AGU-J334H,UNIDADE,0,0,1,0,0,0,1,"0,167",72,,"431,914"
181276,"IPRATROPIO 0,25 MG/ML-20ML FR INAL GTS-PRATI",FRASC C/20ML,0,0,4,0,1,1,6,1,"41,65",,"41,65"
181473,FUROSEMIDA 40 MG COMP-PRATI,COMP C/40MG,0,0,6,0,1,0,7,"1,167","4,025",,"3,45"
181802,ROSUVASTATINA 10MG COMP REV-ATHAIA,COMP C/10MG,20,0,0,0,1,0,21,"3,5",302,,"86,286"
181918,AXIFLENNID 1MG/ML-100ML BOLSA EV-CETOPROFENO,BOLSA C/100MG,16,17,23,19,14,9,98,"16,333",150,,"9,184"
181975,CANULA NASAL INFANTIL OPTIFLOW JR 2 23L/MIN-OJR416,UNIDADE,0,0,1,1,1,0,3,"0,5",22,,44
182868,CURATIVO ESPUMA C/SILIC MEPILEX BORDER SACRUM 22X25CM-282450,UNIDADE,0,0,1,-1,1,0,1,"0,167",981,,"5884,823"
187688,LESSAV 100MG/ML-2ML FR/AMP EV(SUGAMADEX),FA C/200MG,0,0,2,0,0,0,2,"0,333",3,,"9,001"
188249,"ESPECULO DESCARTAVEL AURICULAR GOOD DOCTOR 2,5MM-GD000004",UNIDADE,0,0,0,0,880,0,880,"146,667",600,,"4,091"
188837,SERINGA INJECTOMAT 50ML-BRLM93000010,UNIDADE,17,59,17,52,32,19,196,"32,667",152,,"4,653"
188838,EXTENSAO INFUSAO INJECTOMAT LINE PE 150CM-9004172,UNIDADE,1,0,0,0,0,0,1,"0,167",212,,"1271,746"
188839,"SERINGA FREKA CONNECT ENFIT/PRONEO 1,0ML-BRL9000788LDT",UNIDADE,0,2,0,4,0,3,9,"1,5",696,,464
188840,"SERINGA FREKA CONNECT ENFIT/PRONEO 2,5ML-BRL9000782LDT",UNIDADE,0,5,0,11,0,3,19,"3,167",409,,"129,157"
188842,SERINGA FREKA CONNECT ENFIT/PRONEO 10ML-BRL9000784S,UNIDADE,1,0,0,0,0,10,11,"1,833",427,,"232,913"
188843,SERINGA FREKA CONNECT ENFIT/PRONEO 20ML-BRL9000785S,UNIDADE,2,8,5,6,8,3,32,"5,333",194,,"36,375"
188844,SERINGA FREKA CONNECT ENFIT/PRONEO 60ML-BRL9000786S,UNIDADE,0,10,2,2,2,0,16,"2,667",223,,"83,624"
188846,SONDA NASOENTERAL PRONEO FEEDING TUBE 8FR 60CM-BRL7752007,UNIDADE,0,0,0,0,0,1,1,"0,167",6,,"35,993"
188851,SONDA NASOENTERAL ENFIT FREKA TUBE 12FR 120CM-BRL7981829,UNIDADE,1,3,2,2,2,1,11,"1,833",113,,"61,637"
189595,"INVOLUCRO PESADO ESTERILIZACAO AZUL 1,20X1,20M-598203",UNIDADE,0,0,200,0,0,0,200,"33,333",700,,21
189601,"INVOLUCRO ESTERILIZ EXTRA PESADO AZUL 60G 0,80X0,80M-598701",UNIDADE,0,0,200,0,0,200,400,"66,667",1250,,"18,75"
189614,INVOLUCRO ESTERILIZ PESADO AZUL 45G 1X1M-598202,UNIDADE,0,0,150,0,0,300,450,75,450,,6
Produto,,Unidade,18,19,20,21,22,23,Total,Média,Saldo,Projeç.,
190034,CAT VENOSO CENTRAL ARROWG ARD BLUE PLUS 7FR 20CM-CV45703E,UNIDADE,3,2,2,6,5,1,19,"3,167",106,,"33,473"
190083,DESINFETANTE GERMI RIO SPRAY 750ML UND,UNIDADE,0,0,39,0,11,5,55,"9,167",79,,"8,618"
191500,FIO SUTURA ABSORV VICRYL PLUS C/1 AGU 0 70CM-XYVCP352H,UNIDADE,1,0,13,-1,0,0,13,"2,167",116,,"53,538"
192050,SENSOR FORESIGHT GRANDE-FSESL,UNIDADE,0,0,0,0,1,0,1,"0,167",4,,"23,995"
193673,DIETA PARENTERAL AMINOVEN 15% 1000ML FR,BOLSA C/1000ML,2,0,1,0,0,0,3,"0,5",22,,44
197052,MILRINONA 1MG/ML-10ML FR/AMP MANIPULADO,AMP C/10MG,0,0,0,0,1,1,2,"0,333",66,,"198,02"
198246,DIETA PARENTERAL SMOFKABIVEN EXTRA NITROGEN 1012ML BOLSA,BOLSA C/1012ML,0,0,1,2,0,0,3,"0,5",13,,26
198489,SACO PLASTICO VIRGEM 30X40CM C/100 UND,UNIDADE,0,0,0,0,0,3,3,"0,5",23,,46
199239,TIOCOLCHICOSIDEO 2MG/ML-2ML AMP IM-BLAU,AMP C/4MG,15,15,35,15,28,14,122,"20,333",725,,"35,656"
199446,FRASCO MEIO CULTURA HEMOC PED PLUS F BD-442020,UNIDADE,50,0,0,0,0,0,50,"8,333",200,,24
199810,"AGULHA HIPODERMICA PRECISIONGLIDE 27G 0,40X13MM-301982",UNIDADE,18,16,13,9,17,15,88,"14,667",2013,,"137,25"
199812,"AGULHA HIPODERMICA C/DISP SEG ECLIPSE 0,60X25MM-30281464",UNIDADE,32,68,83,109,90,45,427,"71,167",2325,,"32,67"
199924,FILTRO UMIDIFICADOR ADULT HMEF 150-1000ML-YFHAT,UNIDADE,4,2,1,28,-6,6,35,"5,833",51,,"8,743"
200195,KIT CIRURGICO UNIVERSAL ESTERIL VIII HEALTH QUALITY-222294,UNIDADE,5,2,75,8,5,71,166,"27,667",222,,"8,024"
200201,KIT ORTOPEDIA ESTERIL JOELHO STD-222301,UNIDADE,0,0,0,0,0,5,5,"0,833",11,,"13,201"
200232,CIRCUITO RESPIRATORIO EXPAN P/ ANESTESIA PED 3M-038021816,UNIDADE,0,0,1,0,1,0,2,"0,333",105,,"315,032"
200682,"CURATIVO ESPUMA ANTIMICROBIANO PHMB 10,2X10,2CM-55544AMDX",UNIDADE,0,0,2,0,0,1,3,"0,5",83,,166
201002,LOKELMA 5G SACHE (ZIRCONIO SODICO),SACHE C/5G,17,17,25,14,26,11,110,"18,333",24,,"1,309"
201027,HIDROXICLOROQUINA 400MG COMP REV-EMS,COMP C/400MG,3,0,0,0,0,0,3,"0,5",39,,78
201046,COLETOR URINA/FEZES C/CONSERVANTE FR 50ML-NLCPUSAF,UNIDADE,50,0,0,0,0,0,50,"8,333",10200,,"1224,005"
201115,"VOLARE 80 MG/0,8 ML SER SC(ENOXAPARINA)",SERINGA PREENCHIDA,-2,0,6,4,5,0,13,"2,167",96,,"44,307"
201140,RELYON 2MG FR/AMP EV(REMIFENTANILA),FA C/2MG,-3,43,-15,21,-10,32,68,"11,333",163,,"14,382"
201147,REUQUINOL 400MG COMP REV-HIDROXICLOROQUINA,COMP C/400MG,0,3,2,3,2,3,13,"2,167",78,,"35,999"
201192,COMPRESSA CAMPO OPERAT RX ESTERIL NEVE 10X9CM-791050000900,UNIDADE,0,0,0,0,10,0,10,"1,667",67,,"40,199"
201387,TESTE SWAB ATP 2 RUHOF-345US2,UNIDADE,0,0,0,0,0,50,50,"8,333",200,,24
201598,KIT HEMODINAMICA DESCART ESTERIL STD FEMORAL-222295,UNIDADE,1,0,6,5,3,3,18,3,91,,"30,333"
201602,CAMPO CIR P/ MESA MAYO ESTERIL-225032,UNIDADE,0,0,50,0,0,0,50,"8,333",319,,"38,28"
Produto,,Unidade,18,19,20,21,22,23,Total,Média,Saldo,Projeç.,
201605,CAMPO CIR MESA AUX SMS LAMINADO ESTERIL 130X200CM-225206,UNIDADE,0,0,80,0,0,0,80,"13,333",22,,"1,65"
201608,AVENTAL CIRURGICO STD ESTERIL G  40G-227014,UNIDADE,7,3,266,20,16,504,816,136,376,,"2,765"
201609,AVENTAL CIRURGICO STD ESTERIL XG 40G-227033,UNIDADE,0,0,0,0,50,0,50,"8,333",912,,"109,44"
201620,"BOBINA PLAST PICOT TRANSP PEAD 0,004 2,8KG 30X40CM 500 UND",UNIDADE,0,0,0,0,0,8,8,"1,333",22,,"16,5"
201621,"BOBINA PLAST PICOT TRANSP PEAD 0,004 5KG 20X30CM PCT 500 UND",UNIDADE,0,0,1,0,1,12,14,"2,333",66,,"28,286"
201622,"BOBINA PLAST PICOT TRANSP PEAD 0,005 2,8KG 40X60CM 400 UND",UNIDADE,0,0,0,0,1,12,13,"2,167",28,,"12,923"
201716,CANULA NASAL OPTIFLOW JR 2 M-OJR414,UNIDADE,1,1,1,0,0,0,3,"0,5",21,,42
201837,"COMP GAZE EST C/RX SAFE 7,5X7,5CM 13F C/10 NEVE-791060007700",UNIDADE,27,115,49,90,-4,27,304,"50,667",1986,,"39,197"
201869,"SUPLEMENTO FRESUBIN ENERGY DRINK 1,5KCAL MORANGO 200ML",FRASC C/200ML,3,13,2,18,8,7,51,"8,5",137,,"16,118"
201870,"SUPLEMENTO FRESUBIN ENERGY DRINK 1,5KCAL CHOCOLATE 200ML",FRASC C/200ML,1,1,1,1,1,0,5,"0,833",143,,"171,607"
202099,AEROFRIN 100MCG/DOSE-200DOSES FR AER ORAL(SALBUTAMOL),FRASC C/200DS,0,1,0,0,0,0,1,"0,167","72,03",,"432,094"
202157,ANTARA IV 100 MG/ML-5ML FR/AMP EV(LEVETIRACETAM),FA C/500MG,1,6,13,5,8,1,34,"5,667",113,,"19,941"
202572,"CATETER NASAL OXIG OCULOS GOODCOME ADULTO 2,05M-GC8022A01",UNIDADE,4,15,31,27,38,28,143,"23,833",302,,"12,671"
202606,CANETA MARCACAO CIR PONTA PADRAO C/ REGUA EST-299153,UNIDADE,1,3,-4,5,-1,0,4,"0,667",283,,"424,479"
202610,"COLETOR SECRECOES MASTER 500ML 0,7X2M FILTRO-401837",UNIDADE,3,4,10,18,2,7,44,"7,333",57,,"7,773"
202612,COLETOR SECRECOES ESTERIL 120ML 10CM BRONQUINHO-402292,UNIDADE,5,1,7,4,4,1,22,"3,667",104,,"28,363"
202613,ASPIRADOR CIR ASP-VAC AZUL 17CM CON 1/4X1/4 EST  U-402650,UNIDADE,0,0,0,0,0,1,1,"0,167",13,,"77,984"
202616,"DRENO SUCCAO 3,2MM 500ML SANFONADO-406818",UNIDADE,1,0,0,1,-1,0,1,"0,167",28,,"167,966"
202617,"DRENO SUCCAO 4,8MM 500ML SANFONADO-406887",UNIDADE,1,0,0,0,2,0,3,"0,5",22,,44
202620,EXTENSAO IRRIGACAO CLEARMAT 4 VIAS-407136,UNIDADE,0,0,0,2,0,1,3,"0,5",18,,36
203691,GUIA INTROD SONDA ENDOTRAQ C/CONECT 10FR 700MM-A04A011070,UNIDADE,0,0,0,1,0,0,1,"0,167",13,,"77,984"
203717,SOLUC PREENC INTRA ARTIC SYNOLIS VA 80/160 SER PREENC 4ML,UNIDADE,2,0,0,0,2,0,4,"0,667",31,,"46,498"
203971,CURATIVO ALGINATO CALCIO/SODIO KALTOSTAT 2G-168117,UNIDADE,0,0,0,1,0,0,1,"0,167",26,,"155,969"
204302,"BOBINA PLAST PICOT TRANSP PEBD 0,008 4KG 28X42CM PCT 100 UND",UNIDADE,0,0,5,0,0,0,5,"0,833",77,,"92,404"
Produto,,Unidade,18,19,20,21,22,23,Total,Média,Saldo,Projeç.,
204368,SONDA FOLEY LATEX C/BALAO 3 VIAS 16FR 30ML-F01A101610,UNIDADE,0,0,1,1,-1,0,1,"0,167",18,,"107,978"
204391,"ATADURA CREPE 20CMX1,8M 13F NEVE-791190001100",UNIDADE,0,0,10,0,0,0,10,"1,667",547,,"328,193"
204392,"ATADURA CREPE 30CMX1,8M 13F NEVE-791190001500",UNIDADE,3,0,1,0,3,0,7,"1,167",174,,"149,139"
204394,"ATADURA CREPE 15CMX1,8M 13F NEVE-791190000900",UNIDADE,53,42,53,53,17,18,236,"39,333",1145,,"29,11"
205641,SCALP INTRAVENOSO C/DISP SEG SAFER 23G-315167023,UNIDADE,38,34,49,11,42,10,184,"30,667",5318,,"173,413"
205642,SCALP INTRAVENOSO C/DISP SEG SAFER 21G-315167021,UNIDADE,13,28,45,61,82,40,268,"44,667",1528,,"34,209"
205643,"OCTRIDE 0,10 MG/ML-1 ML AMP EV/SC(OCTREOTIDA) (GELAD)","AMP C/0,1MG",4,3,2,3,4,3,19,"3,167","472,107",,"149,085"
205879,"TANDUO 0,5/0,4 MG CAPS (DUTASTERIDA/TANSULOSINA)",CAPSULA,3,1,1,3,4,3,15,"2,5",160,,64
206395,FRALDA TENA DERMACARE M-012170980808,UNIDADE,0,0,0,1,0,0,1,"0,167",272,,"1631,674"
206396,FRALDA TENA DERMACARE G-012170980815,UNIDADE,2,0,1,0,0,0,3,"0,5",265,,530
206397,FRALDA TENA DERMACARE EG-012170980822,UNIDADE,69,89,59,74,85,49,425,"70,833",5316,,"75,049"
206443,"VOLARE 20 MG/0,2 ML SER SC(ENOXAPARINA)",SERINGA PREENCHIDA,3,4,4,5,5,1,22,"3,667",191,,"52,09"
206467,SERINGA DESCARTAVEL 20ML BICO LUER LOCK S/AG-SS20LM,UNIDADE,-4,25,3,22,18,11,75,"12,5",468,,"37,44"
206834,"SONDA ENDOTRAQUEAL COMPER TIPO BARRIL C/BALAO 6,5MM-010065CB",UNIDADE,1,0,0,0,0,0,1,"0,167",16,,"95,981"
206838,"SONDA ENDOTRAQUEAL COMPER TIPO BARRIL C/BALAO 7,5MM-010075CB",UNIDADE,-4,16,-4,8,0,5,21,"3,5",173,,"49,429"
206839,SONDA ENDOTRAQUEAL COMPER TIPO BARRIL C/BALAO 8MM-010080CB,UNIDADE,-3,10,-2,6,0,-1,10,"1,667",93,,"55,799"
207145,FIO SUTURA ABSORVIVEL PDS II 6-0 75CM C/AGU-PDP127H,UNIDADE,0,0,0,0,0,1,1,"0,167",36,,"215,957"
207907,UNIREZ 10 MG/ML-5ML FR/AMP EV/IV(ROCURONIO),FA C/50MG,9,5,29,7,29,21,100,"16,667",96,,"5,76"
208056,"CERA OSSO WAXBIO 2,5G-WAXBIO25B",UNIDADE,0,0,0,0,0,1,1,"0,167",65,,"389,922"
208075,SOTALOL 160 MG COMP-SANDOZ,COMP C/160MG,0,0,0,0,2,1,3,"0,5",138,,276
208095,PREBICTAL 75 MG CAPS (PREGABALINA) ,CAPS C/75MG,42,41,36,29,34,13,195,"32,5",1049,,"32,277"
208097,SYMDULOR SL 10 MG COMP SL (TROMETAMOL CETOROLACO),COMP C/10MG,0,1,0,0,0,0,1,"0,167",15,,"89,982"
208604,CONJUNTO CATETERIZACAO ARTERIAL 20GA 5CM C/AG-SAC00520PBX ,UNIDADE,2,0,3,4,3,1,13,"2,167",98,,"45,23"
208606,CONJUNTO CATETERIZACAO ARTERIAL 18GA 12CM C/AG-SAC01218PBX,UNIDADE,0,0,0,0,2,0,2,"0,333",59,,"177,018"
208626,FLUCONAZOL 2 MG/ML-100ML BLS SF EV-BEKER,BOLSA C/200MG,2,1,4,3,4,2,16,"2,667",169,,"63,374"
Produto,,Unidade,18,19,20,21,22,23,Total,Média,Saldo,Projeç.,
208627,"DOBUTAMINA 12,5 MG/ML-20ML AMP EV-HYPOFARMA",AMP C/250MG,0,0,1,3,1,4,9,"1,5",110,,"73,333"
208629,"EMBO 2,5 MG COMP REV (APIXABANA) ",COMPRIMIDO,16,14,11,13,23,3,80,"13,333","101,4",,"7,605"
208630,EMBO 5 MG COMP REV (APIXABANA) ,COMPRIMIDO,16,13,11,13,11,8,72,12,"192,2",,"16,017"
208632,QUETIAPINA 100 MG COMP REV-BIOLAB,COMP C/100MG,11,12,11,11,10,9,64,"10,667",160,,15
208633,SULBACTAM/AMPICILINA 1.000/2.000 MG FR/AMP IM/EV-EUGIA,FRASCO/AMPOLA,22,27,23,22,19,14,127,"21,167",507,,"23,953"
208634,SULBACTAM/AMPICILINA 500/1.000 MG FR/AMP EV/IM-EUGIA,FRASCO/AMPOLA,25,42,21,17,15,13,133,"22,167",173,,"7,804"
208637,PIPERACILINA/TAZOBACTAM 4.000/500 MG FR/AMP EV-EUGIA,FRASCO/AMPOLA,0,1,10,8,41,8,68,"11,333",1310,,"115,589"
208823,"VOLARE 40 MG/0,4ML SER SC(ENOXAPARINA)",SERINGA PREENCHIDA,6,24,8,35,5,12,89,"14,833",377,,"25,416"
208824,"VOLARE 60 MG/0,6ML SER SC(ENOXAPARINA)",SERINGA PREENCHIDA,6,6,6,10,6,1,35,"5,833",21,,"3,6"
208826,PANTOPRAZOL 40MG COMP REV ACHE,COMP C/40MG,18,22,19,22,20,11,112,"18,667",979,,"52,446"
208909,DEX 100 MCG/ML-2ML FR/AMP EV(DEXMEDETOMIDINA),FA C/200MCG,16,64,11,38,17,26,172,"28,667",626,,"21,837"
208911,LABREA 5 MG COMP REV(DONEPEZILA) ,COMP C/5MG,6,6,6,6,6,0,30,5,173,,"34,6"
208913,CRISAPINA 5MG COMP REV (OLANZAPINA),COMP C/5MG,3,5,5,5,3,3,24,4,133,,"33,25"
208914,SPOX 500.000 UI FR/AMP EV/IM/IT (POLIMIXINA B),FA C/ 500.000UI,-2,0,0,0,0,5,3,"0,5",362,,724
208915,CRISPRED 20 MG COMP(PREDNISONA) ,COMP C/20MG,19,18,24,13,18,10,102,17,426,,"25,059"
209168,CRISPRED 5 MG COMP(PREDNISONA),COMP C/5MG,0,4,0,3,4,1,12,2,149,,"74,5"
209247,SIMETICONA 40 MG COMP-EMS,COMP C/40MG,24,18,14,4,6,3,69,"11,5",181,,"15,739"
209281,SUPLEMENTO ALIMENTAR NUTRIDRINK COMPACT BAUNILHA 125ML FR,UNIDADE,7,28,7,27,7,5,81,"13,5",15,,"1,111"
209802,CLOREXIDINA ALCOOLICA AZUL 2 %-100 ML FR ALMO TOP-VIC PHARMA,FRASCO,0,0,2,1,0,1,4,"0,667",181,,"271,486"
209890,ACETILCISTEINA 600 MG ENV-EMS,ENV C/600MG,8,5,6,11,24,5,59,"9,833",315,,"32,034"
209916,ELETRODO NEUTRO DUAL REM ADULTO APAISADA-I2510,UNIDADE,3,24,5,21,16,5,74,"12,333",686,,"55,622"
209917,CATETER NASAL OXIGENIO TIPO OCULOS ADULTO 12FR-R01B06011F,UNIDADE,0,0,0,0,2,0,2,"0,333",159,,"477,048"
209988,CATETER INTROCAN SAFETY DEEP ACCESS 20GA-425162101,UNIDADE,0,1,0,0,0,0,1,"0,167",3,,"17,996"
210355,"CLOPAM 2,5 MG/ML-20ML FR SOL ORAL (CLONAzepam)",FRASC C/20ML,0,1,0,0,0,0,1,"0,167","16,54",,"99,22"
210356,CLOPAM 2 MG COMP(CLONAzepam),COMP C/2MG,0,0,2,2,3,0,7,"1,167",7,,6
210366,FIO SUTURA ABSORV VICRYL PLUS 3-0 70CM-XYVCP311H,UNIDADE,1,0,0,0,0,0,1,"0,167",21,,"125,975"
210500,CLOREXIDINA ALCOOLICA AZUL 2 %-100ML FR ALMOT TOP-RIOQUIMICA,FRASC C/100ML,28,37,38,71,50,17,241,"40,167","964,86",,"24,021"
210698,CURATIVO FILME TRANSPAR OPSITE FLEXIFIX 15CMX10M-66000375,UNIDADE,0,0,0,0,12,0,12,2,17,,"8,5"
Produto,,Unidade,18,19,20,21,22,23,Total,Média,Saldo,Projeç.,
210881,"CLOREXIDINA ALCOLICA AZUL RIOQUIMICA 0,5%-100ML FR ALMOT",FRASC C/100ML,0,0,0,1,0,0,1,"0,167",36,,"215,957"
211955,CONECTOR TRANSICAO EXTREMIDADE DISTAL ENTERAL ENFIT-777444,UNIDADE,1,1,2,2,2,0,8,"1,333",1738,,"1303,533"
212443,VYNAXA 10 MG COMP REV(RIVAROXABANA),COMP C/10MG,0,0,2,3,4,3,12,2,136,,68
212581,CAPA EQUIPAMENTO VIDEOCIRURGIA EST 150X2500MM-T0097,UNIDADE,-4,35,-1,54,47,17,148,"24,667",1328,,"53,838"
212726,FIO SUTURA ABSORV VICRYL PLUS 0 70CM-VCP603H,UNIDADE,-2,4,8,3,2,14,29,"4,833",244,,"50,483"
212857,FILTRO PAPEL RETANGULAR C/INDICADOR QUIM ESTERIL-133112,UNIDADE,0,0,100,0,0,0,100,"16,667",2200,,132
212959,FIXADOR MULTFIX ADESIVO TAM G-MFCGI,UNIDADE,1,2,0,0,0,0,3,"0,5",64,,128
213059,LACRE PLASTICO INDICADOR AZUL FAMI,UNIDADE,0,0,1000,0,0,0,1000,"166,667",800,,"4,8"
213064,SOLUCAO ENDO FOG SACHE 3ML-T0032,UNIDADE,0,0,50,0,0,0,50,"8,333",132,,"15,84"
213302,FIXADOR TUBO ENDOTRAQUEAL 5-10MM-9800,UNIDADE,1,0,1,0,1,0,3,"0,5",84,,168
213762,DESVENLAFAXINA 50 MG COMP REV LIB PROL-ACHE,COMP C/50MG,1,1,1,2,-1,0,4,"0,667",531,,"796,46"
214674,HAC-PASTA PRONTUARIO PERSONALIZADO PAPEL KRAFT,UNIDADE,0,0,0,0,0,426,426,71,7374,,"103,859"
214992,BRYONY 100 MG/ML-2ML FR/AMP EV(SUGAMADEX),FA C/200MG,1,21,-3,17,0,19,55,"9,167",191,,"20,836"
214999,CEFTRIAXONA 1.000 MG FR/AMP IM-BLAU,FA C/1000MG,7,6,2,0,0,0,15,"2,5",15,,6
215710,CATETER INTRAVENOSO PERIF C/ DISP SEG INSYTE 20G-38183414,UNIDADE,14,35,9,20,2,33,113,"18,833",2007,,"106,567"
216026,ESPACADOR GOODDOCTOR AD/INF-GD000009,UNIDADE,1,1,2,8,3,2,17,"2,833",55,,"19,412"
216306,"COMPRESSA CIRURGICA GAZE ESTERIL 7,5X7,5CM-02512",UNIDADE,130,81,83,179,136,73,682,"113,667",8932,,"78,581"
216663,"NEVRIX IM 50/50/2,5 MG/ML-2ML AMP IM(TIAMI/PIRIDOX/CIANO)",AMPOLA,0,0,1,1,1,0,3,"0,5",16,,32
217083,AVENTAL DESC POLIPROPILENO MANGA LONGA 25G 120X140CM-PA0779,UNIDADE,0,0,1000,0,1000,0,2000,"333,333",52790,,"158,37"
